freq,psd,S_P_NV_freq,SNR_linear,SNR_dB
0.0,5.2672603e-05,1303.1421363190973,4.0419688982306836e-08,-73.93407032576964
10.7666015625,0.00030687216,1303.1421363190973,2.3548630541469816e-07,-66.28034343973563
21.533203125,0.000265088,1303.1421363190973,2.03422161840833e-07,-66.91601734594796
32.2998046875,0.00012386378,1303.1421363190973,9.505010155378807e-08,-70.22047414787741
43.06640625,6.93473e-05,1303.1421363190973,5.321545738039985e-08,-72.73962200788513
53.8330078125,2.4448822e-05,1303.1421363190973,1.8761439179128433e-08,-77.2673385020106
64.599609375,7.0435462e-06,1303.1421363190973,5.4050483452883585e-09,-82.67200417159688
75.3662109375,2.8012741e-06,1303.1421363190973,2.149630551772126e-09,-86.67636174090818
86.1328125,1.3653462e-06,1303.1421363190973,1.0477338023902083e-09,-89.79749044487846
96.8994140625,8.2815734e-07,1303.1421363190973,6.35508066969121e-10,-91.96878932257198
107.666015625,5.614865e-07,1303.1421363190973,4.308712657575582e-10,-93.65652467478198
118.4326171875,3.110144e-07,1303.1421363190973,2.3866499985479007e-10,-96.22211265469326
129.19921875,3.0104442e-07,1303.1421363190973,2.3101424346259508e-10,-96.36361242330773
139.9658203125,4.3283563e-07,1303.1421363190973,3.321476774772224e-10,-94.78668779990015
150.732421875,3.3978452e-07,1303.1421363190973,2.6074246440839395e-10,-95.83788234054424
161.4990234375,2.8837516e-07,1303.1421363190973,2.21292156483286e-10,-96.55033979007199
172.265625,3.9711577e-07,1303.1421363190973,3.0473711081367474e-10,-95.16074654276852
183.0322265625,4.6302435e-07,1303.1421363190973,3.5531375143364e-10,-94.49387984021568
193.798828125,4.6952943e-07,1303.1421363190973,3.6030559031905666e-10,-94.43328999531931
204.5654296875,3.1915542e-07,1303.1421363190973,2.4491220845584307e-10,-96.10989565496546
215.33203125,2.468718e-07,1303.1421363190973,1.8944348852028202e-10,-97.22520317537628
226.0986328125,6.81077e-07,1303.1421363190973,5.226420874823797e-10,-92.81795620201169
236.865234375,6.090796e-07,1303.1421363190973,4.673930392536915e-10,-93.30317759714913
247.6318359375,1.9978133e-07,1303.1421363190973,1.5330738368902476e-10,-98.14436927871151
258.3984375,3.7881314e-08,1303.1421363190973,2.9069211277715008e-11,-105.36566751593283
269.1650390625,1.6150844e-08,1303.1421363190973,1.2393768869173938e-11,-109.06796607248654
279.931640625,1.2917931e-08,1303.1421363190973,9.912909326544614e-12,-110.03798866298366
290.6982421875,1.0036498e-08,1303.1421363190973,7.701768259565229e-12,-111.13409553112169
301.46484375,8.331679e-09,1303.1421363190973,6.393530088587317e-12,-111.9425928664942
312.2314453125,7.523985e-09,1303.1421363190973,5.773726187712193e-12,-112.38543815880539
322.998046875,8.743057e-09,1303.1421363190973,6.709212066297685e-12,-111.73328480628629
333.7646484375,1.0130751e-08,1303.1421363190973,7.77409544713234e-12,-111.09350131583783
344.53125,9.44414e-09,1303.1421363190973,7.2472061406756174e-12,-111.39829385365223
355.2978515625,9.845396e-09,1303.1421363190973,7.555120301532242e-12,-111.21758615921163
366.064453125,9.157735e-09,1303.1421363190973,7.027426064681183e-12,-111.53203714894465
376.8310546875,7.6545845e-09,1303.1421363190973,5.873944451991498e-12,-112.31070164777407
387.59765625,7.799212e-09,1303.1421363190973,5.9849287454909255e-12,-112.2294101578795
398.3642578125,8.7305505e-09,1303.1421363190973,6.699615605711505e-12,-111.73950114479385
409.130859375,9.0451175e-09,1303.1421363190973,6.941006120328527e-12,-111.58577572652283
419.8974609375,1.1152582e-08,1303.1421363190973,8.558224422642948e-12,-110.67616329182127
430.6640625,1.58768e-08,1303.1421363190973,1.2183474158376796e-11,-109.1422885351997
441.4306640625,1.8863714e-08,1303.1421363190973,1.4475561506713978e-11,-108.39364581000338
452.197265625,2.3925747e-08,1303.1421363190973,1.836004381283367e-11,-107.36126286770441
462.9638671875,3.2613453e-08,1303.1421363190973,2.502677859126825e-11,-106.01595048516964
473.73046875,4.1394102e-08,1303.1421363190973,3.1764840698769945e-11,-104.98053318317659
484.4970703125,5.3814546e-08,1303.1421363190973,4.1295988101353335e-11,-103.84092137933811
495.263671875,5.762934e-08,1303.1421363190973,4.422336931929733e-11,-103.54348172181668
506.0302734375,8.010887e-08,1303.1421363190973,6.147362335934737e-11,-102.11311188073317
516.796875,8.15233e-08,1303.1421363190973,6.255901576685097e-11,-102.03710092595075
527.5634765625,8.7174584e-08,1303.1421363190973,6.68956781158838e-11,-101.74601939497556
538.330078125,1.03956836e-07,1303.1421363190973,7.977398100410909e-11,-100.98138734575616
549.0966796875,1.5857141e-07,1303.1421363190973,1.2168388358759285e-10,-99.14766938059702
559.86328125,1.7688522e-07,1303.1421363190973,1.3573747481836968e-10,-98.67300234433257
570.6298828125,1.8715866e-07,1303.1421363190973,1.4362105443046807e-10,-98.42781889113843
581.396484375,1.6594996e-07,1303.1421363190973,1.273460025297477e-10,-98.95014683260399
592.1630859375,1.3082858e-07,1303.1421363190973,1.0039471374579954e-10,-99.98289154237514
602.9296875,1.0373649e-07,1303.1421363190973,7.960489245908746e-11,-100.99060240017482
613.6962890625,6.6547756e-08,1303.1421363190973,5.1067156069279734e-11,-102.9185832733752
624.462890625,5.0197293e-08,1303.1421363190973,3.852020097173167e-11,-104.14311455693755
635.2294921875,3.7832883e-08,1303.1421363190973,2.903204407681404e-11,-105.3712238545566
645.99609375,2.6358702e-08,1303.1421363190973,2.0227036583008766e-11,-106.94067740062594
656.7626953125,2.2555898e-08,1303.1421363190973,1.730885515377161e-11,-107.61731656378925
667.529296875,1.7544597e-08,1303.1421363190973,1.3463301217171826e-11,-108.70848437540391
678.2958984375,1.1272124e-08,1303.1421363190973,8.649957180224957e-12,-110.62986042412417
689.0625,7.193871e-09,1303.1421363190973,5.520403823858524e-12,-112.58029151970312
699.8291015625,5.526849e-09,1303.1421363190973,4.241171432099107e-12,-113.72514172598075
710.595703125,4.2448747e-09,1303.1421363190973,3.2574146070416413e-12,-114.87126960473921
721.3623046875,3.5864445e-09,1303.1421363190973,2.7521514152439763e-12,-115.60327676179269
732.12890625,3.2646312e-09,1303.1421363190973,2.5051998266896103e-12,-116.01157627015337
742.8955078125,3.544674e-09,1303.1421363190973,2.7200980100658867e-12,-115.65415447265829
753.662109375,2.258857e-09,1303.1421363190973,1.7333927270186615e-12,-117.61103029984164
764.4287109375,2.5159772e-09,1303.1421363190973,1.9307005231681202e-12,-117.14285085734903
775.1953125,3.892399e-09,1303.1421363190973,2.9869337989225535e-12,-115.24774402799702
785.9619140625,4.115502e-09,1303.1421363190973,3.1581372457338715e-12,-115.00569000429779
796.728515625,3.9022785e-09,1303.1421363190973,2.9945148664722755e-12,-115.23673526489992
807.4951171875,3.17848e-09,1303.1421363190973,2.4390892099326234e-12,-116.12772315031518
818.26171875,2.0393613e-09,1303.1421363190973,1.5649569526026086e-12,-118.05497604126651
829.0283203125,1.2260237e-09,1303.1421363190973,9.408211835193437e-13,-120.26492912588105
839.794921875,9.540181e-10,1303.1421363190973,7.320904981433758e-13,-121.35435229850134
850.5615234375,1.1443254e-09,1303.1421363190973,8.781279427125778e-13,-120.56442203039232
861.328125,1.134681e-09,1303.1421363190973,8.707270643863976e-13,-120.60117956366268
872.0947265625,8.8186286e-10,1303.1421363190973,6.767203518513985e-13,-121.69590762242926
882.861328125,7.904493e-10,1303.1421363190973,6.065718777659135e-13,-122.17117728569039
893.6279296875,6.8144784e-10,1303.1421363190973,5.229266770641042e-13,-122.81559202105691
904.39453125,7.3869777e-10,1303.1421363190973,5.66858982257832e-13,-122.46524967287682
915.1611328125,7.186944e-10,1303.1421363190973,5.515088625145361e-13,-122.58447504238781
925.927734375,7.4560974e-10,1303.1421363190973,5.721630203145957e-13,-122.42480214675277
936.6943359375,6.5772093e-10,1303.1421363190973,5.04719216293024e-13,-122.96950159955932
947.4609375,6.440588e-10,1303.1421363190973,4.942353131314174e-13,-123.06066227468519
958.2275390625,6.229665e-10,1303.1421363190973,4.780495924876487e-13,-123.20527047683828
968.994140625,6.889781e-10,1303.1421363190973,5.287052560074538e-13,-122.76786372129997
979.7607421875,5.858453e-10,1303.1421363190973,4.4956367834813995e-13,-123.47208784027488
990.52734375,6.354927e-10,1303.1421363190973,4.876618569040741e-13,-123.11881211978468
1001.2939453125,6.911132e-10,1303.1421363190973,5.303436574060053e-13,-122.75442620684362
1012.060546875,5.116785e-10,1303.1421363190973,3.926498258453023e-13,-124.05994590837255
1022.8271484375,3.9198225e-10,1303.1421363190973,3.00797751474845e-13,-125.21725414508977
1033.59375,3.1124756e-10,1303.1421363190973,2.388438828555542e-13,-126.21885877161023
1044.3603515625,3.3072453e-10,1303.1421363190973,2.5379008907222465e-13,-125.95525341836613
1055.126953125,2.8719188e-10,1303.1421363190973,2.2038415717151514e-13,-126.5681962896858
1065.8935546875,2.0074159e-10,1303.1421363190973,1.5404427838117074e-13,-128.1235442791265
1076.66015625,1.7603466e-10,1303.1421363190973,1.3508477253987246e-13,-128.6939360415806
1087.4267578125,2.0203554e-10,1303.1421363190973,1.5503722536780396e-13,-128.09564012598744
1098.193359375,2.3709462e-10,1303.1421363190973,1.819407437309011e-13,-127.40070034328083
1108.9599609375,1.8277403e-10,1303.1421363190973,1.4025641624515423e-13,-128.5307726214933
1119.7265625,1.1562448e-10,1303.1421363190973,8.872744733634499e-14,-130.51942012831182
1130.4931640625,9.4990196e-11,1303.1421363190973,7.289320217329617e-14,-131.37312970945152
1141.259765625,5.915934e-11,1303.1421363190973,4.5397450181061506e-14,-133.42968539288114
1152.0263671875,5.0557395e-11,1303.1421363190973,3.8796531603823983e-14,-134.1120709844316
1162.79296875,5.456106e-11,1303.1421363190973,4.186884838580636e-14,-133.78108984333699
1173.5595703125,5.5232954e-11,1303.1421363190973,4.238444568516171e-14,-133.72793492286067
1184.326171875,7.018424e-11,1303.1421363190973,5.38576963087232e-14,-132.68752226895663
1195.0927734375,7.6860456e-11,1303.1421363190973,5.898086889988253e-14,-132.29288833757013
1205.859375,6.4596606e-11,1303.1421363190973,4.9569879679966887e-14,-133.04782135248365
1216.6259765625,5.888905e-11,1303.1421363190973,4.5190051532806145e-14,-133.44957163417624
1227.392578125,7.847279e-11,1303.1421363190973,6.02181309616865e-14,-132.20272728159406
1238.1591796875,8.874187e-11,1303.1421363190973,6.809838503896135e-14,-131.66863187308712
1248.92578125,7.5241424e-11,1303.1421363190973,5.773845781387157e-14,-132.38534820245224
1259.6923828125,6.48615e-11,1303.1421363190973,4.9773156978960384e-14,-133.030048122385
1270.458984375,5.842603e-11,1303.1421363190973,4.483472626459745e-14,-133.48385477452663
1281.2255859375,6.5809996e-11,1303.1421363190973,5.050101175241277e-14,-132.966999210083
1291.9921875,1.14088405e-10,1303.1421363190973,8.754870949900764e-14,-130.57750251197788
1302.7587890625,1.809543e-10,1303.1421363190973,1.388599817111475e-13,-128.5742289627915
1313.525390625,2.1970527e-10,1303.1421363190973,1.6859654963519094e-13,-127.7315131755072
1324.2919921875,2.7005934e-10,1303.1421363190973,2.0723703172720245e-13,-126.83532636775423
1335.05859375,3.0827116e-10,1303.1421363190973,2.3655986730286486e-13,-126.260589320973
1345.8251953125,3.0023667e-10,1303.1421363190973,2.3039439270400225e-13,-126.37528094898755
1356.591796875,2.5973468e-10,1303.1421363190973,1.9931415842577777e-13,-127.00461849780267
1367.3583984375,2.1980126e-10,1303.1421363190973,1.6867021209732096e-13,-127.72961608958205
1378.125,1.6340336e-10,1303.1421363190973,1.253918170036612e-13,-129.017308043834
1388.8916015625,1.3425355e-10,1303.1421363190973,1.0302295427155846e-13,-129.87066000510188
1399.658203125,9.221134e-11,1303.1421363190973,7.076076601264499e-14,-131.50207474331222
1410.4248046875,6.647651e-11,1303.1421363190973,5.1012474390654634e-14,-132.9232361024367
1421.19140625,7.0609e-11,1303.1421363190973,5.418365030751529e-14,-132.66131740258749
1431.9580078125,5.9987244e-11,1303.1421363190973,4.6032771611525914e-14,-133.3693287565232
1442.724609375,3.183543e-11,1303.1421363190973,2.4429745027920635e-14,-136.12081065713627
1453.4912109375,2.812861e-11,1303.1421363190973,2.158521931969185e-14,-136.65843534274424
1464.2578125,3.1235906e-11,1303.1421363190973,2.3969684773528145e-14,-136.2033767735631
1475.0244140625,2.8302166e-11,1303.1421363190973,2.171840173278975e-14,-136.631721378387
1485.791015625,2.425196e-11,1303.1421363190973,1.861037058409336e-14,-137.302449787755
1496.5576171875,1.8188402e-11,1303.1421363190973,1.3957341974929433e-14,-138.55197280533213
1507.32421875,1.4378988e-11,1303.1421363190973,1.1034089976213984e-14,-139.5726347895958
1518.0908203125,1.2524983e-11,1303.1421363190973,9.611371856774152e-15,-140.17214619895907
1528.857421875,9.5677554e-12,1303.1421363190973,7.342065234533486e-15,-141.34181761091625
1539.6240234375,7.95976e-12,1303.1421363190973,6.108128473264452e-15,-142.14091836932735
1550.390625,7.712152e-12,1303.1421363190973,5.918120427966779e-15,-142.27816201617208
1561.1572265625,6.9787613e-12,1303.1421363190973,5.355333613003813e-15,-142.71213469412206
1571.923828125,6.3205222e-12,1303.1421363190973,4.850216734429684e-15,-143.14238854291804
1582.6904296875,6.568915e-12,1303.1421363190973,5.040827806605789e-15,-142.97498137697377
1593.45703125,6.9323458e-12,1303.1421363190973,5.319716090010343e-15,-142.7411154511699
1604.2236328125,4.8931362e-12,1303.1421363190973,3.754875317923942e-15,-144.25404479335347
1614.990234375,2.8690102e-12,1303.1421363190973,2.201609700016447e-15,-146.57259669993303
1625.7568359375,2.3428533e-12,1303.1421363190973,1.7978494260828472e-15,-147.4524668421552
1636.5234375,2.0151224e-12,1303.1421363190973,1.5463567669161904e-15,-148.10690300826502
1647.2900390625,1.5847771e-12,1303.1421363190973,1.2161200126613271e-15,-149.1502356464822
1658.056640625,1.4402956e-12,1303.1421363190973,1.1052482628802444e-15,-149.56540159002606
1668.8232421875,1.0611146e-12,1303.1421363190973,8.142738997917563e-16,-150.89229485578133
1679.58984375,9.813133e-13,1303.1421363190973,7.530363871684876e-16,-151.2318403792323
1690.3564453125,1.0369655e-12,1303.1421363190973,7.957424711501458e-16,-150.992274617279
1701.123046875,8.189528e-13,1303.1421363190973,6.28444735914673e-16,-152.0173290722634
1711.8896484375,8.2452936e-13,1303.1421363190973,6.327240386159288e-16,-151.9878566539871
1722.65625,5.190811e-13,1303.1421363190973,3.9833036965738887e-16,-153.99756580681273
1733.4228515625,4.2639183e-13,1303.1421363190973,3.2720283767205767e-16,-154.85182938558256
1744.189453125,4.1935007e-13,1303.1421363190973,3.2179918270326216e-16,-154.92415063244803
1754.9560546875,3.8638523e-13,1303.1421363190973,2.965027542669262e-16,-155.2797126804214
1765.72265625,2.7122908e-13,1303.1421363190973,2.0813466885139583e-16,-156.81655573623976
1776.4892578125,1.8871276e-13,1303.1421363190973,1.4481364345175722e-16,-158.391905196535
1787.255859375,1.9697357e-13,1303.1421363190973,1.5115278879321931e-16,-158.20583835609332
1798.0224609375,1.6298172e-13,1303.1421363190973,1.2506825714138314e-16,-159.02852902118173
1808.7890625,1.421815e-13,1303.1421363190973,1.0910667105532494e-16,-159.62148694746733
1819.5556640625,1.1270458e-13,1303.1421363190973,8.648678278524884e-17,-160.6305025787653
1830.322265625,1.0795235e-13,1303.1421363190973,8.284004783315103e-17,-160.81759659010027
1841.0888671875,1.0027136e-13,1303.1421363190973,7.694583033235309e-17,-161.13814909461024
1851.85546875,1.2385816e-13,1303.1421363190973,9.50457781834134e-17,-160.22067169196936
1862.6220703125,9.3670426e-14,1303.1421363190973,7.188043679316635e-17,-161.4338929249398
1873.388671875,5.5453373e-14,1303.1421363190973,4.2553587881438114e-17,-163.7106381674463
1884.1552734375,4.1889032e-14,1303.1421363190973,3.21446377035769e-17,-164.92891464729806
1894.921875,3.3266006e-14,1303.1421363190973,2.5527534660337626e-17,-165.9299112546644
1905.6884765625,2.0284066e-14,1303.1421363190973,1.5565505200927197e-17,-168.0783677909876
1916.455078125,1.0835247e-14,1303.1421363190973,8.314708621078386e-18,-170.80152965503402
1927.2216796875,4.321941e-15,1303.1421363190973,3.3165542324183636e-18,-174.79312896707995
1937.98828125,1.2026255e-15,1303.1421363190973,9.228658883839287e-19,-180.3486140641357
1948.7548828125,2.676356e-16,1303.1421363190973,2.053771139131576e-19,-186.87447953411564
1959.521484375,3.6650338e-17,1303.1421363190973,2.812459237191433e-20,-195.50913763348535
1970.2880859375,5.182407e-18,1303.1421363190973,3.976854988859901e-21,-204.00460244740987
1981.0546875,1.9400332e-18,1303.1421363190973,1.4887349318701032e-21,-208.2718262116914
1991.8212890625,2.1774202e-18,1303.1421363190973,1.6709000034393415e-21,-207.77049540085048
2002.587890625,1.7724597e-18,1303.1421363190973,1.3601431645195184e-21,-208.6641537671176
2013.3544921875,1.6882186e-18,1303.1421363190973,1.2954984016763258e-21,-208.87563118489487
2024.12109375,1.7745094e-18,1303.1421363190973,1.3617157788264954e-21,-208.65913530138596
2034.8876953125,1.6507789e-18,1303.1421363190973,1.2667681982325184e-21,-208.97302847972605
2045.654296875,1.4104823e-18,1303.1421363190973,1.0823703634645748e-21,-209.65624107726035
2056.4208984375,1.5105425e-18,1303.1421363190973,1.1591540901233287e-21,-209.35858828020787
2067.1875,1.3151107e-18,1303.1421363190973,1.0091844482657387e-21,-209.96029450667754
2077.9541015625,1.546905e-18,1303.1421363190973,1.1870576792457392e-21,-209.2552817812245
2088.720703125,1.2561773e-18,1303.1421363190973,9.639602819414329e-22,-210.15940859965454
2099.4873046875,1.3046134e-18,1303.1421363190973,1.0011290448902825e-21,-209.9950993863294
2110.25390625,1.2227227e-18,1303.1421363190973,9.382880278109906e-22,-210.27663825066978
2121.0205078125,1.1852988e-18,1303.1421363190973,9.09569964124447e-22,-210.4116388938275
2131.787109375,1.1032664e-18,1303.1421363190973,8.466201652986938e-22,-210.72311391456563
2142.5537109375,1.1306961e-18,1303.1421363190973,8.67669076187297e-22,-210.61645880571172
2153.3203125,1.0330168e-18,1303.1421363190973,7.927122639795093e-22,-211.008844228241
2164.0869140625,1.0560618e-18,1303.1421363190973,8.103963991407674e-22,-210.9130249735751
2174.853515625,9.56223e-19,1303.1421363190973,7.337826290837061e-22,-211.34432573559067
2185.6201171875,1.0596678e-18,1303.1421363190973,8.131636290383524e-22,-210.89822054605068
2196.38671875,8.828272e-19,1303.1421363190973,6.774604236205912e-22,-211.6911607064577
2207.1533203125,9.768163e-19,1303.1421363190973,7.4958541924835805e-22,-211.25178869827812
2217.919921875,8.836823e-19,1303.1421363190973,6.78116684616202e-22,-211.6869556996069
2228.6865234375,9.165159e-19,1303.1421363190973,7.033123937654281e-22,-211.52851729385245
2239.453125,8.3498346e-19,1303.1421363190973,6.407462271381731e-22,-211.9331394236244
2250.2197265625,9.303382e-19,1303.1421363190973,7.13919288476377e-22,-211.46350884233183
2260.986328125,8.100721e-19,1303.1421363190973,6.21629878326658e-22,-212.06468119560185
2271.7529296875,7.760438e-19,1303.1421363190973,5.955174191419722e-22,-212.25105530694054
2282.51953125,7.7714146e-19,1303.1421363190973,5.963597040650658e-22,-212.24491709440065
2293.2861328125,7.7573784e-19,1303.1421363190973,5.952825981509783e-22,-212.25276812958862
2304.052734375,7.0519515e-19,1303.1421363190973,5.411498336155489e-22,-212.6668247074732
2314.8193359375,6.911321e-19,1303.1421363190973,5.3035818449421675e-22,-212.7543072472265
2325.5859375,6.594876e-19,1303.1421363190973,5.060749407602398e-22,-212.95785167055948
2336.3525390625,6.9783603e-19,1303.1421363190973,5.35502664505391e-22,-212.71238363903817
2347.119140625,6.202933e-19,1303.1421363190973,4.759981763979809e-22,-213.2239471110684
2357.8857421875,6.7135886e-19,1303.1421363190973,5.151846780868118e-22,-212.88037061644556
2368.65234375,6.6059657e-19,1303.1421363190973,5.069259536133924e-22,-212.9505547318272
2379.4189453125,5.686655e-19,1303.1421363190973,4.363802372573747e-22,-213.60134925921497
2390.185546875,6.589767e-19,1303.1421363190973,5.05682937683367e-22,-212.96121699709303
2400.9521484375,6.019702e-19,1303.1421363190973,4.619374810730862e-22,-213.3541679817169
2411.71875,5.7398657e-19,1303.1421363190973,4.404635199906144e-22,-213.5609005484066
2422.4853515625,5.2911704e-19,1303.1421363190973,4.060317168910091e-22,-213.91440040480092
2433.251953125,5.6964873e-19,1303.1421363190973,4.37134766810967e-22,-213.59384651223223
2444.0185546875,6.7407114e-19,1303.1421363190973,5.172660116989948e-22,-212.86286057095495
2454.78515625,5.989378e-19,1303.1421363190973,4.596104959021542e-22,-213.37610062097895
2465.5517578125,1.1237069e-18,1303.1421363190973,8.62305604476463e-22,-210.64338791232902
2476.318359375,9.733963e-19,1303.1421363190973,7.469609306796456e-22,-211.2670211308952
2487.0849609375,1.0011317e-18,1303.1421363190973,7.682445435420146e-22,-211.14500515637818
2497.8515625,1.2105969e-18,1303.1421363190973,9.289831022303743e-22,-210.31992185548714
2508.6181640625,1.5358087e-18,1303.1421363190973,1.1785427106802723e-21,-209.28654673914673
2519.384765625,7.2990267e-19,1303.1421363190973,5.60109793789372e-22,-212.5172683341679
2530.1513671875,7.6628523e-19,1303.1421363190973,5.880289344962511e-22,-212.30601303544796
2540.91796875,4.6887844e-19,1303.1421363190973,3.598060602648533e-22,-214.4393152604489
2551.6845703125,4.703781e-19,1303.1421363190973,3.6095687751552916e-22,-214.42544678913424
2562.451171875,4.1367305e-19,1303.1421363190973,3.174427507242188e-22,-214.9833458623467
2573.2177734375,3.522976e-19,1303.1421363190973,2.7034469781626616e-22,-215.68082143683026
2583.984375,4.055389e-19,1303.1421363190973,3.1120083268916065e-22,-215.0695924962636
2594.7509765625,3.2667924e-19,1303.1421363190973,2.5068582880677157e-22,-216.00870215882122
2605.517578125,4.0031214e-19,1303.1421363190973,3.0718995210300057e-22,-215.12592993775905
2616.2841796875,3.359478e-19,1303.1421363190973,2.57798258684182e-22,-215.88720020444237
2627.05078125,3.3505848e-19,1303.1421363190973,2.5711583373459905e-22,-215.89871177764664
2637.8173828125,3.2814056e-19,1303.1421363190973,2.518072091297033e-22,-215.98931840390065
2648.583984375,3.1622893e-19,1303.1421363190973,2.4266646781521757e-22,-216.14990231286248
2659.3505859375,2.9312288e-19,1303.1421363190973,2.249354795385068e-22,-216.4794203699426
2670.1171875,3.1504435e-19,1303.1421363190973,2.417574737357874e-22,-216.1662009117654
2680.8837890625,2.978318e-19,1303.1421363190973,2.2854896160012125e-22,-216.41020747563718
2691.650390625,2.859109e-19,1303.1421363190973,2.194011784329744e-22,-216.58761044101493
2702.4169921875,2.840298e-19,1303.1421363190973,2.179576581460503e-22,-216.61627867035645
2713.18359375,3.1559843e-19,1303.1421363190973,2.421826429468841e-22,-216.1585698564593
2723.9501953125,3.7318915e-19,1303.1421363190973,2.863764176191223e-22,-215.43062747954835
2734.716796875,4.6428464e-19,1303.1421363190973,3.562808889864712e-22,-214.48207472710214
2745.4833984375,4.528234e-19,1303.1421363190973,3.474858332109322e-22,-214.5906289663857
2756.25,2.9231886e-19,1303.1421363190973,2.2431845455575165e-22,-216.49134995779326
2767.0166015625,3.9705882e-19,1303.1421363190973,3.0469338721826505e-22,-215.16136971198335
2777.783203125,3.885413e-19,1303.1421363190973,2.981572784316078e-22,-215.25554584459775
2788.5498046875,3.9351533e-19,1303.1421363190973,3.0197420060841347e-22,-215.20030159731664
2799.31640625,2.2643198e-19,1303.1421363190973,1.7375846818993466e-22,-217.60054020703075
2810.0830078125,2.477991e-19,1303.1421363190973,1.901550948140717e-22,-217.2089203407046
2820.849609375,2.1121386e-19,1303.1421363190973,1.6208044818060912e-22,-217.9026937108241
2831.6162109375,2.2268834e-19,1303.1421363190973,1.7088567001104634e-22,-217.67294354459256
2842.3828125,1.9139256e-19,1303.1421363190973,1.4687005635060289e-22,-218.33066738500185
2853.1494140625,2.0877812e-19,1303.1421363190973,1.602113222860854e-22,-217.95306795164308
2863.916015625,1.8347573e-19,1303.1421363190973,1.4079487153397685e-22,-218.51413164121877
2874.6826171875,1.9789391e-19,1303.1421363190973,1.5185904035329594e-22,-218.1855934889762
2885.44921875,1.8457614e-19,1303.1421363190973,1.4163929876717583e-22,-218.48816232029006
2896.2158203125,1.6443026e-19,1303.1421363190973,1.2617984355121598e-22,-218.9901001540591
2906.982421875,1.9960112e-19,1303.1421363190973,1.5316912249134215e-22,-218.14828775716435
2917.7490234375,1.74424e-19,1303.1421363190973,1.3384877815090495e-22,-218.73385588950276
2928.515625,1.5672115e-19,1303.1421363190973,1.2026404263918833e-22,-219.19864201568328
2939.2822265625,1.7295823e-19,1303.1421363190973,1.3272399591887067e-22,-218.77050551490993
2950.048828125,1.7613189e-19,1303.1421363190973,1.3515938594837515e-22,-218.69153789964898
2960.8154296875,1.4718463e-19,1303.1421363190973,1.129459410735603e-22,-219.47129371658437
2971.58203125,1.6518348e-19,1303.1421363190973,1.2675783088316222e-22,-218.9702520119153
2982.3486328125,1.4080983e-19,1303.1421363190973,1.0805408504707958e-22,-219.66358809716706
2993.115234375,1.5573715e-19,1303.1421363190973,1.195089477537627e-22,-219.22599577438788
3003.8818359375,1.3799898e-19,1303.1421363190973,1.0589711598645415e-22,-219.751158673545
3014.6484375,1.4755847e-19,1303.1421363190973,1.1323284201993976e-22,-219.46027592234316
3025.4150390625,1.3764597e-19,1303.1421363190973,1.0562621293914857e-22,-219.7622829087298
3036.181640625,1.5825367e-19,1303.1421363190973,1.2144008162411399e-22,-219.15637949544032
3046.9482421875,1.1908902e-19,1303.1421363190973,9.138606938862231e-23,-220.39120001736063
3057.71484375,1.3495806e-19,1303.1421363190973,1.0356357494987569e-22,-219.84792966404345
3068.4814453125,1.4385153e-19,1303.1421363190973,1.1038821125169608e-22,-219.57077303977357
3079.248046875,1.3458041e-19,1303.1421363190973,1.0327377791761305e-22,-219.8600993551165
3090.0146484375,1.3746962e-19,1303.1421363190973,1.054908903508262e-22,-219.76785042178466
3100.78125,1.1991354e-19,1303.1421363190973,9.201878480927883e-23,-220.3612350628215
3111.5478515625,1.3098865e-19,1303.1421363190973,1.0051754719552279e-22,-219.97758117497352
3122.314453125,1.2984541e-19,1303.1421363190973,9.964024145306782e-23,-220.01565228730794
3133.0810546875,1.1946124e-19,1303.1421363190973,9.167169089979996e-23,-220.37764757941068
3143.84765625,1.1258259e-19,1303.1421363190973,8.639317765360743e-23,-220.6352055178473
3154.6142578125,1.090184e-19,1303.1421363190973,8.365811216191001e-23,-220.7749193998149
3165.380859375,1.1164857e-19,1303.1421363190973,8.567643606992927e-23,-220.671386073881
3176.1474609375,1.0078334e-19,1303.1421363190973,7.733871391137444e-23,-221.11603054215857
3186.9140625,9.388378e-20,1303.1421363190973,7.20441581346475e-23,-221.42401229183744
3197.6806640625,1.0420987e-19,1303.1421363190973,7.996814665410326e-23,-220.97082969097443
3208.447265625,9.930843e-20,1303.1421363190973,7.620689974478135e-23,-221.18005706016973
3219.2138671875,1.0502743e-19,1303.1421363190973,8.059553605380338e-23,-220.93689011803946
3229.98046875,7.279252e-20,1303.1421363190973,5.585923836400176e-23,-222.5290499016323
3240.7470703125,1.16185e-19,1303.1421363190973,8.915758089202557e-23,-220.4984172372138
3251.513671875,8.8117095e-20,1303.1421363190973,6.761894386419679e-23,-221.6993161673401
3262.2802734375,1.106618e-19,1303.1421363190973,8.491920879250061e-23,-220.70994060886773
3273.046875,9.120034e-20,1303.1421363190973,6.998494684973297e-23,-221.54995362887533
3283.8134765625,8.6116914e-20,1303.1421363190973,6.608405801851976e-23,-221.79903296181948
3294.580078125,9.231931e-20,1303.1421363190973,7.084362143694288e-23,-221.496992463261
3305.3466796875,8.8702164e-20,1303.1421363190973,6.80679165209087e-23,-221.67057542436692
3316.11328125,8.613678e-20,1303.1421363190973,6.609929718276465e-23,-221.79803158234023
3326.8798828125,7.286039e-20,1303.1421363190973,5.591131336033615e-23,-222.52500306016276
3337.646484375,7.9344754e-20,1303.1421363190973,6.088726001750372e-23,-222.1547356915541
3348.4130859375,8.898231e-20,1303.1421363190973,6.828288643006974e-23,-221.6568812882625
3359.1796875,7.4498064e-20,1303.1421363190973,5.716802618969263e-23,-222.42846802183539
3369.9462890625,7.488273e-20,1303.1421363190973,5.746320379247454e-23,-222.4061016409756
3380.712890625,7.639287e-20,1303.1421363190973,5.862205470604555e-23,-222.31938963586785
3391.4794921875,7.385473e-20,1303.1421363190973,5.667435264573586e-23,-222.46613431836477
3402.24609375,7.527653e-20,1303.1421363190973,5.77654083707641e-23,-222.38332152079354
3413.0126953125,9.97894e-20,1303.1421363190973,7.657599696430077e-23,-221.15907340283374
3423.779296875,8.692846e-20,1303.1421363190973,6.670681070537609e-23,-221.7582982274371
3434.5458984375,1.3089976e-19,1303.1421363190973,1.0044932056952824e-22,-219.98052996435916
3445.3125,7.473818e-20,1303.1421363190973,5.735228469495891e-23,-222.4144927679236
3456.0791015625,1.1096836e-19,1303.1421363190973,8.51544562618951e-23,-220.6979261981752
3466.845703125,8.2996886e-20,1303.1421363190973,6.368981819562255e-23,-221.95929990818385
3477.6123046875,8.443792e-20,1303.1421363190973,6.479563205693222e-23,-221.88454269399602
3488.37890625,6.31803e-20,1303.1421363190973,4.848304151391914e-23,-223.1441014314709
3499.1455078125,7.075186e-20,1303.1421363190973,5.429328406274573e-23,-222.6525388818052
3509.912109375,6.264591e-20,1303.1421363190973,4.8072967654583397e-23,-223.18099067049062
3520.6787109375,5.4064515e-20,1303.1421363190973,4.1487808892805356e-23,-223.82079501080682
3531.4453125,6.258859e-20,1303.1421363190973,4.802897591165582e-23,-223.18496673420552
3542.2119140625,5.79083e-20,1303.1421363190973,4.4437437651467894e-23,-223.52250991268323
3552.978515625,5.0682086e-20,1303.1421363190973,3.8892216715259467e-23,-224.1013730293716
3563.7451171875,5.93285e-20,1303.1421363190973,4.552727344990835e-23,-223.41728358062477
3574.51171875,5.774333e-20,1303.1421363190973,4.431084795225559e-23,-223.5348993903492
3585.2783203125,5.6854605e-20,1303.1421363190973,4.3628864358226793e-23,-223.60226091376563
3596.044921875,4.981636e-20,1303.1421363190973,3.82278823843441e-23,-224.17619758854266
3606.8115234375,5.5692507e-20,1303.1421363190973,4.2737088104458254e-23,-223.6919507185953
3617.578125,4.5352772e-20,1303.1421363190973,3.480262606893181e-23,-224.5838798466788
3628.3447265625,5.653138e-20,1303.1421363190973,4.338082253681414e-23,-223.62702217655783
3639.111328125,4.4035047e-20,1303.1421363190973,3.37914383425193e-23,-224.71193321959208
3649.8779296875,5.2473892e-20,1303.1421363190973,4.026720539454202e-23,-223.95048510046013
3660.64453125,4.9855636e-20,1303.1421363190973,3.8258016058777584e-23,-224.17277554880215
3671.4111328125,3.9728797e-20,1303.1421363190973,3.048692500499008e-23,-225.15886377560207
3682.177734375,5.1372436e-20,1303.1421363190973,3.9421977274579103e-23,-224.04261596751064
3692.9443359375,4.0656583e-20,1303.1421363190973,3.1198886063340514e-23,-225.05860911916838
3703.7109375,4.5701024e-20,1303.1421363190973,3.506986933647405e-23,-224.55065852212425
3714.4775390625,4.456088e-20,1303.1421363190973,3.4194948897631775e-23,-224.66038040958384
3725.244140625,3.465911e-20,1303.1421363190973,2.659657167798718e-23,-225.75174340710612
3736.0107421875,4.9580285e-20,1303.1421363190973,3.80467183270078e-23,-224.19682796815488
3746.77734375,4.975453e-20,1303.1421363190973,3.8180434182751144e-23,-224.18159137175962
3757.5439453125,4.698366e-20,1303.1421363190973,3.605413189455996e-23,-224.43044956848064
3768.310546875,4.7363868e-20,1303.1421363190973,3.634589519061144e-23,-224.3954463010699
3779.0771484375,5.818617e-20,1303.1421363190973,4.46506718927195e-23,-223.50172001565915
3789.84375,4.046631e-20,1303.1421363190973,3.105287424022157e-23,-225.07898195522938
3800.6103515625,5.3202784e-20,1303.1421363190973,4.0826539255512946e-23,-223.89057432370265
3811.376953125,4.01075e-20,1303.1421363190973,3.077753284211899e-23,-225.11766196590236
3822.1435546875,5.573997e-20,1303.1421363190973,4.277351729435184e-23,-223.68825035954995
3832.91015625,4.489126e-20,1303.1421363190973,3.444847542963826e-23,-224.62829993702556
3843.6767578125,3.7935094e-20,1303.1421363190973,2.911048084418918e-23,-225.3595062086647
3854.443359375,3.5734212e-20,1303.1421363190973,2.74215792668051e-23,-225.6190753688756
3865.2099609375,3.8549046e-20,1303.1421363190973,2.958161302105348e-23,-225.28978148559435
3875.9765625,3.2095755e-20,1303.1421363190973,2.4629514440961636e-23,-226.08544149983456
3886.7431640625,3.0678927e-20,1303.1421363190973,2.3542269746757416e-23,-226.2815166846912
3897.509765625,3.1070254e-20,1303.1421363190973,2.384257004939776e-23,-226.22646932735793
3908.2763671875,3.659217e-20,1303.1421363190973,2.8079952818214334e-23,-225.51603626271802
3919.04296875,3.4177442e-20,1303.1421363190973,2.6226948799043754e-23,-225.81252231590992
3929.8095703125,3.0091225e-20,1303.1421363190973,2.3091283715270558e-23,-226.36551922649684
3940.576171875,4.9239154e-20,1303.1421363190973,3.778494489290588e-23,-224.22681206838408
3951.3427734375,3.287081e-20,1303.1421363190973,2.5224268324913093e-23,-225.98181422397747
3962.109375,3.6512324e-20,1303.1421363190973,2.801868126148547e-23,-225.52552309247875
3972.8759765625,2.7770967e-20,1303.1421363190973,2.1310776065151756e-23,-226.71400734486832
3983.642578125,4.2715387e-20,1303.1421363190973,3.2778762900755846e-23,-224.8440744111066
3994.4091796875,3.7789872e-20,1303.1421363190973,2.8999043525826306e-23,-225.37616326180563
4005.17578125,3.2497438e-20,1303.1421363190973,2.4937756664050466e-23,-226.03142617106232
4015.9423828125,3.210033e-20,1303.1421363190973,2.4633022969664292e-23,-226.08482288181858
4026.708984375,2.7844457e-20,1303.1421363190973,2.1367170395055085e-23,-226.70252986641682
4037.4755859375,2.9088507e-20,1303.1421363190973,2.2321822458605925e-23,-226.5127035044212
4048.2421875,3.001517e-20,1303.1421363190973,2.3032918162527222e-23,-226.37651035479263
4059.0087890625,3.028563e-20,1303.1421363190973,2.324046437208703e-23,-226.33755198475336
4069.775390625,3.4921543e-20,1303.1421363190973,2.679795626646847e-23,-225.718983259727
4080.5419921875,3.567271e-20,1303.1421363190973,2.737438149729623e-23,-225.62655684584547
4091.30859375,5.1970633e-20,1303.1421363190973,3.988101680516577e-23,-223.99233777460603
4102.0751953125,6.3432875e-20,1303.1421363190973,4.867686602889202e-23,-223.12677390798848
4112.841796875,8.27657e-20,1303.1421363190973,6.351241309907299e-23,-221.9714138630513
4123.6083984375,8.466721e-20,1303.1421363190973,6.497158415148902e-23,-221.8727654404173
4134.375,5.649834e-20,1303.1421363190973,4.3355476826285126e-23,-223.62956033016061
4145.1416015625,8.886257e-20,1303.1421363190973,6.819101008904626e-23,-221.66272876458873
4155.908203125,7.137664e-20,1303.1421363190973,5.477272017079391e-23,-222.6143569022275
4166.6748046875,6.594101e-20,1303.1421363190973,5.060154817367135e-23,-222.9583619555157
4177.44140625,4.3487027e-20,1303.1421363190973,3.33709033647408e-23,-224.7663203664722
4188.2080078125,3.4993456e-20,1303.1421363190973,2.6853138108360773e-23,-225.71004954526504
4198.974609375,3.0393184e-20,1303.1421363190973,2.332299786070654e-23,-226.32215627554348
4209.7412109375,2.2230849e-20,1303.1421363190973,1.705942116966418e-23,-227.68035708636577
4220.5078125,2.4763603e-20,1303.1421363190973,1.9002993580112192e-23,-227.21177978367425
4231.2744140625,2.2714493e-20,1303.1421363190973,1.743055531945161e-23,-227.58688776496908
4242.041015625,2.1939042e-20,1303.1421363190973,1.6835493974327627e-23,-227.7377413634881
4252.8076171875,2.5601657e-20,1303.1421363190973,1.9646096973206715e-23,-227.06723716604802
4263.57421875,2.4138368e-20,1303.1421363190973,1.852320537943095e-23,-227.32283857927032
4274.3408203125,2.4206397e-20,1303.1421363190973,1.8575406831570186e-23,-227.31061665708916
4285.107421875,2.8805715e-20,1303.1421363190973,2.2104811899888493e-23,-226.55513176355845
4295.8740234375,2.2214166e-20,1303.1421363190973,1.704661937906926e-23,-227.68361735767581
4306.640625,2.3403298e-20,1303.1421363190973,1.7959129425778866e-23,-227.45714719714599
4317.4072265625,2.8028886e-20,1303.1421363190973,2.1508696756390917e-23,-226.6738590335753
4328.173828125,2.9883648e-20,1303.1421363190973,2.2931994032644385e-23,-226.39558179909307
4338.9404296875,2.5284822e-20,1303.1421363190973,1.940296709197778e-23,-227.12131852897465
4349.70703125,1.7997613e-20,1303.1421363190973,1.3810937671777307e-23,-228.59776834683177
4360.4736328125,2.03758e-20,1303.1421363190973,1.563590073610807e-23,-228.05877095332227
4371.240234375,2.2140337e-20,1303.1421363190973,1.6989963459216723e-23,-227.6980755517908
4382.0068359375,1.9353491e-20,1303.1421363190973,1.4851404876059296e-23,-228.28232462100198
4392.7734375,2.3852516e-20,1303.1421363190973,1.8303847949747397e-23,-227.374576005608
4403.5400390625,1.6568156e-20,1303.1421363190973,1.2714006710875612e-23,-228.9571756367043
4414.306640625,1.9734945e-20,1303.1421363190973,1.5144121549698176e-23,-228.1975591329734
4425.0732421875,2.1089215e-20,1303.1421363190973,1.6183357669527252e-23,-227.9093136739221
4435.83984375,2.3562731e-20,1303.1421363190973,1.8081475416952584e-23,-227.4276613474021
4446.6064453125,2.80356e-20,1303.1421363190973,2.1513844251505202e-23,-226.67281979754597
4457.373046875,3.2742122e-20,1303.1421363190973,2.512551873896823e-23,-225.9988496307809
4468.1396484375,2.4401183e-20,1303.1421363190973,1.872488255193126e-23,-227.27580897644953
4478.90625,2.362124e-20,1303.1421363190973,1.812637342648145e-23,-227.41689077229
4489.6728515625,2.6632274e-20,1303.1421363190973,2.0436966453771514e-23,-226.89583567938516
4500.439453125,3.5987617e-20,1303.1421363190973,2.761603606080214e-23,-225.58838658866205
4511.2060546875,3.0366514e-20,1303.1421363190973,2.3302531856528646e-23,-226.32596889635693
4521.97265625,1.9409446e-20,1303.1421363190973,1.4894344060376078e-23,-228.2697861814426
4532.7392578125,2.1081866e-20,1303.1421363190973,1.617771674882157e-23,-227.91082772795414
4543.505859375,1.4724831e-20,1303.1421363190973,1.1299483235904369e-23,-229.4694141783756
4554.2724609375,1.5976056e-20,1303.1421363190973,1.2259641086016514e-23,-229.1152224406264
4565.0390625,1.591548e-20,1303.1421363190973,1.2213157419876094e-23,-229.1317204508362
4575.8056640625,1.5424775e-20,1303.1421363190973,1.1836601787397244e-23,-229.2677296288433
4586.572265625,1.6277834e-20,1303.1421363190973,1.2491217617782534e-23,-229.03395225444137
4597.3388671875,1.4029786e-20,1303.1421363190973,1.0766122405435433e-23,-229.67940686780878
4608.10546875,1.7985285e-20,1303.1421363190973,1.380147580214527e-23,-228.60074471681435
4618.8720703125,1.434921e-20,1303.1421363190973,1.101124086618347e-23,-229.58163737252545
4629.638671875,2.5675686e-20,1303.1421363190973,1.9702904144119933e-23,-227.05469755523228
4640.4052734375,2.2429926e-20,1303.1421363190973,1.721218722047644e-23,-227.64163938653994
4651.171875,1.5227918e-20,1303.1421363190973,1.1685539170661823e-23,-229.32351244466355
4661.9384765625,1.59074e-20,1303.1421363190973,1.2206957366151011e-23,-229.13392572235253
4672.705078125,2.0122425e-20,1303.1421363190973,1.5441465018078506e-23,-228.11311498101048
4683.4716796875,2.0236848e-20,1303.1421363190973,1.5529271217854345e-23,-228.0884892505
4694.23828125,1.35125955e-20,1303.1421363190973,1.0369240861974234e-23,-229.84253037393376
4705.0048828125,1.5307475e-20,1303.1421363190973,1.1746588809850833e-23,-229.30088233489658
4715.771484375,1.3615572e-20,1303.1421363190973,1.0448263342365506e-23,-229.80955889792693
4726.5380859375,1.4744394e-20,1303.1421363190973,1.1314493044032657e-23,-229.46364900225518
4737.3046875,1.4270612e-20,1303.1421363190973,1.0950925166567598e-23,-229.6054918879078
4748.0712890625,1.611507e-20,1303.1421363190973,1.2366318955019146e-23,-229.0775955626684
4758.837890625,1.2791119e-20,1303.1421363190973,9.815597512220685e-24,-230.08083258125933
4769.6044921875,1.9748905e-20,1303.1421363190973,1.5154835579750597e-23,-228.19448771087477
4780.37109375,2.1723068e-20,1303.1421363190973,1.666976124446905e-23,-227.78070620385083
4791.1376953125,2.846952e-20,1303.1421363190973,2.184682966040591e-23,-226.60611577498568
4801.904296875,3.4317497e-20,1303.1421363190973,2.6334426315047524e-23,-225.7947613813517
4812.6708984375,4.6651836e-20,1303.1421363190973,3.5799499494142597e-23,-224.4612304510058
4823.4375,1.8800264e-20,1303.1421363190973,1.4426871663275117e-23,-228.40827831530805
4834.2041015625,4.9569425e-20,1303.1421363190973,3.803838712104248e-23,-224.19777906016466
4844.970703125,3.751568e-20,1303.1421363190973,2.878863098469034e-23,-225.40778987082012
4855.7373046875,3.7584127e-20,1303.1421363190973,2.884115477515561e-23,-225.39987354825087
4866.50390625,2.2754202e-20,1303.1421363190973,1.746102868889023e-23,-227.57930174104192
4877.2705078125,1.9265432e-20,1303.1421363190973,1.478383036529358e-23,-228.30213029338228
4888.037109375,1.797143e-20,1303.1421363190973,1.3790842356674356e-23,-228.60409205928386
4898.8037109375,1.3388199e-20,1303.1421363190973,1.0273782846243347e-23,-229.8826961806223
4909.5703125,1.23451965e-20,1303.1421363190973,9.473408104348771e-24,-230.23493753347287
4920.3369140625,1.6134673e-20,1303.1421363190973,1.2381362236742831e-23,-229.07231570230783
4931.103515625,1.4659418e-20,1303.1421363190973,1.1249285240437744e-23,-229.48875070974418
4941.8701171875,1.2937608e-20,1303.1421363190973,9.928009904019832e-24,-230.0313779826406
4952.63671875,1.306805e-20,1303.1421363190973,1.0028107732001494e-23,-229.98781009061403
4963.4033203125,2.3923157e-20,1303.1421363190973,1.835805657784762e-23,-227.3617329602094
4974.169921875,1.3252925e-20,1303.1421363190973,1.0169976887749442e-23,-229.9268003405211
4984.9365234375,2.2721023e-20,1303.1421363190973,1.7435566440658727e-23,-227.5856393884973
4995.703125,1.3540267e-20,1303.1421363190973,1.0390476138964851e-23,-229.83364550634633
5006.4697265625,1.6958342e-20,1303.1421363190973,1.3013423062644933e-23,-228.8560845119551
5017.236328125,1.7014215e-20,1303.1421363190973,1.3056300258822092e-23,-228.8417987090255
5028.0029296875,1.4568924e-20,1303.1421363190973,1.1179842407143796e-23,-229.51564318291298
5038.76953125,1.1846663e-20,1303.1421363190973,9.090843961496274e-24,-230.41395796557276
5049.5361328125,1.167343e-20,1303.1421363190973,8.957910396074967e-24,-230.4779328601779
5060.302734375,1.1742457e-20,1303.1421363190973,9.01087988126413e-24,-230.4523279959581
5071.0693359375,1.2834271e-20,1303.1421363190973,9.848711576407238e-24,-230.06620580858333
5081.8359375,9.557772e-21,1303.1421363190973,7.33440506623025e-24,-231.3463510839632
5092.6025390625,1.2984557e-20,1303.1421363190973,9.964037410768662e-24,-230.01564650539396
5103.369140625,1.10479155e-20,1303.1421363190973,8.477905856786441e-24,-230.71711410379874
5114.1357421875,1.1002047e-20,1303.1421363190973,8.442705891701577e-24,-230.73518339453042
5124.90234375,1.4339703e-20,1303.1421363190973,1.1003944862149856e-23,-229.58451594411403
5135.6689453125,1.5926678e-20,1303.1421363190973,1.222175021579062e-23,-229.12866596496764
5146.435546875,2.703575e-20,1303.1421363190973,2.0746586053322766e-23,-226.83053358237956
5157.2021484375,2.6393448e-20,1303.1421363190973,2.025369727921362e-23,-226.93495685466996
5167.96875,1.3695043e-20,1303.1421363190973,1.0509247274126515e-23,-229.78428389242953
5178.7353515625,2.347695e-20,1303.1421363190973,1.801564649219865e-23,-227.44350148586835
5189.501953125,2.3437088e-20,1303.1421363190973,1.7985057824820333e-23,-227.45088161517418
5200.2685546875,1.5584448e-20,1303.1421363190973,1.1959130023701452e-23,-229.22300412291432
5211.03515625,1.6296557e-20,1303.1421363190973,1.2505586468547122e-23,-229.02895936553915
5221.8017578125,1.10788e-20,1303.1421363190973,8.501605782208464e-24,-230.704990370519
5232.568359375,1.3275418e-20,1303.1421363190973,1.018723748522744e-23,-229.91943569435875
5243.3349609375,1.6954878e-20,1303.1421363190973,1.3010766250980696e-23,-228.85697125515802
5254.1015625,1.0893166e-20,1303.1421363190973,8.359154557829456e-24,-230.7783764474239
5264.8681640625,1.09243506e-20,1303.1421363190973,8.383083839368084e-24,-230.76596190432855
5275.634765625,1.3916386e-20,1303.1421363190973,1.0679100975507221e-23,-229.71465307027555
5286.4013671875,1.09992104e-20,1303.1421363190973,8.440530108000814e-24,-230.73630276626733
5297.16796875,1.21361435e-20,1303.1421363190973,9.312985898411689e-24,-230.30911054646992
5307.9345703125,1.2271941e-20,1303.1421363190973,9.417193540050348e-24,-230.2607850396575
5318.701171875,1.6584753e-20,1303.1421363190973,1.272674155427974e-23,-228.95282775147496
5329.4677734375,2.0520669e-20,1303.1421363190973,1.5747069025944984e-23,-228.02800268814903
5340.234375,1.664945e-20,1303.1421363190973,1.277638785530372e-23,-228.9359191270697
5351.0009765625,1.8214063e-20,1303.1421363190973,1.3977034891896867e-23,-228.54584950669613
5361.767578125,1.7545288e-20,1303.1421363190973,1.3463832604433298e-23,-228.70831296573442
5372.5341796875,2.9357638e-20,1303.1421363190973,2.2528347103624746e-23,-226.47270671130508
5383.30078125,3.184404e-20,1303.1421363190973,2.4436349479794342e-23,-226.1196367237368
5394.0673828125,3.035482e-20,1303.1421363190973,2.3293563412488003e-23,-226.32764068700106
5404.833984375,2.5644536e-20,1303.1421363190973,1.967900027771855e-23,-227.0599696814545
5415.6005859375,1.7492836e-20,1303.1421363190973,1.3423581225850565e-23,-228.72131604946478
5426.3671875,2.5146614e-20,1303.1421363190973,1.9296906624845792e-23,-227.14512304641624
5437.1337890625,4.7758866e-20,1303.1421363190973,3.6649007275265077e-23,-224.359377847531
5447.900390625,1.1301791e-19,1303.1421363190973,8.672722925850964e-23,-220.61844528127858
5458.6669921875,1.3551873e-19,1303.1421363190973,1.0399382222937031e-22,-219.82992459272225
5469.43359375,2.428024e-19,1303.1421363190973,1.8632073661335298e-22,-217.29738807499984
5480.2001953125,3.5444937e-19,1303.1421363190973,2.7199592300238744e-22,-215.65437605637993
5490.966796875,7.5171403e-19,1303.1421363190973,5.768473452633327e-22,-212.38939101716554
5501.7333984375,7.407559e-19,1303.1421363190973,5.68438262358444e-22,-212.45316696803923
5512.5,4.2611902e-19,1303.1421363190973,3.269935262256309e-22,-214.8546084535903
5523.2666015625,9.297083e-19,1303.1421363190973,7.134358404959324e-22,-211.46645077029297
5534.033203125,9.117285e-19,1303.1421363190973,6.996385699691791e-22,-211.55126256564643
5544.7998046875,5.9436975e-19,1303.1421363190973,4.561050814836328e-22,-213.40935089241174
5555.56640625,6.274726e-19,1303.1421363190973,4.815074442132081e-22,-213.17396994197335
5566.3330078125,2.3777477e-19,1303.1421363190973,1.8246265431183775e-22,-217.38826011678736
5577.099609375,7.599254e-20,1303.1421363190973,5.831484644512563e-23,-222.34220863622514
5587.8662109375,4.437169e-20,1303.1421363190973,3.4049770195109355e-23,-224.67885814832923
5598.6328125,3.3655892e-20,1303.1421363190973,2.5826723615331298e-23,-225.8793068503977
5609.3994140625,1.6920716e-20,1303.1421363190973,1.2984551466734171e-23,-228.86573047874242
5620.166015625,3.507547e-20,1303.1421363190973,2.6916075906282697e-23,-225.69988255609667
5630.9326171875,2.3566227e-20,1303.1421363190973,1.8084157023872672e-23,-227.42701730663103
5641.69921875,1.8835268e-20,1303.1421363190973,1.4453731124173717e-23,-228.40020028514775
5652.4658203125,1.9931006e-20,1303.1421363190973,1.5294574203139708e-23,-228.15462609153371
5663.232421875,1.8438975e-20,1303.1421363190973,1.414962598952332e-23,-228.4925503949184
5673.9990234375,2.391731e-20,1303.1421363190973,1.8353569876301717e-23,-227.3627945038789
5684.765625,1.1506527e-20,1303.1421363190973,8.82983236163032e-24,-230.54047541621753
5695.5322265625,2.8366657e-20,1303.1421363190973,2.1767891483884523e-23,-226.62183636244268
5706.298828125,2.3220868e-20,1303.1421363190973,1.7819137890780096e-23,-227.49113311429
5717.0654296875,1.6515567e-20,1303.1421363190973,1.267364995245552e-23,-228.9709829230439
5727.83203125,1.4214351e-20,1303.1421363190973,1.0907751667083041e-23,-229.6226475804643
5738.5986328125,1.0309626e-20,1303.1421363190973,7.911359675770385e-24,-231.01748870618806
5749.365234375,1.3303827e-20,1303.1421363190973,1.020903747417002e-23,-229.91015202022967
5760.1318359375,9.354973e-21,1303.1421363190973,7.178781982062772e-24,-231.43949235888914
5770.8984375,1.0231941e-20,1303.1421363190973,7.85174630177644e-24,-231.05033741359162
5781.6650390625,9.300913e-21,1303.1421363190973,7.137297659382939e-24,-231.4646619071234
5792.431640625,1.12638606e-20,1303.1421363190973,8.643616890796149e-24,-230.63304490504717
5803.1982421875,8.42092e-21,1303.1421363190973,6.462011263958998e-24,-231.8963228929718
5813.96484375,1.4257915e-20,1303.1421363190973,1.094118187078167e-23,-229.60935762807392
5824.7314453125,2.07624e-20,1303.1421363190973,1.5932568533766513e-23,-227.9771420473119
5835.498046875,1.8916696e-20,1303.1421363190973,1.4516218888201978e-23,-228.38146491751343
5846.2646484375,2.6964059e-20,1303.1421363190973,2.0691572819170235e-23,-226.84206496249433
5857.03125,1.0927147e-20,1303.1421363190973,8.38522986876183e-24,-230.76485027349315
5867.7978515625,2.0989498e-20,1303.1421363190973,1.610683703045116e-23,-227.92989735501857
5878.564453125,2.1432007e-20,1303.1421363190973,1.6446406819542613e-23,-227.83928971203378
5889.3310546875,1.578492e-20,1303.1421363190973,1.2112969709091979e-23,-229.16749368817418
5900.09765625,1.3021464e-20,1303.1421363190973,9.992359171880968e-24,-230.00331963788994
5910.8642578125,1.0573704e-20,1303.1421363190973,8.114006342774399e-24,-230.90764657140585
5921.630859375,9.8720605e-21,1303.1421363190973,7.575582321061064e-24,-231.2058397812555
5932.3974609375,8.963306e-21,1303.1421363190973,6.87822504852439e-24,-231.62523618608023
5943.1640625,7.666904e-21,1303.1421363190973,5.883397231921156e-24,-232.30371828170883
5953.9306640625,9.002024e-21,1303.1421363190973,6.90793658372704e-24,-231.60651657998588
5964.697265625,7.4112766e-21,1303.1421363190973,5.687235144203095e-24,-232.45098815053854
5975.4638671875,9.231898e-21,1303.1421363190973,7.084336852533323e-24,-231.4970079675944
5986.23046875,5.964144e-21,1303.1421363190973,4.576740868411211e-24,-233.39443676300027
5996.9970703125,9.817431e-21,1303.1421363190973,7.53366098199689e-24,-231.22993927132586
6007.763671875,1.1080822e-20,1303.1421363190973,8.503156725461828e-24,-230.70419816175013
6018.5302734375,1.4461351e-20,1303.1421363190973,1.1097294041370773e-23,-229.54782906453642
6029.296875,9.086147e-21,1303.1421363190973,6.972491652211725e-24,-231.56611997018967
6040.0634765625,1.418543e-20,1303.1421363190973,1.088555867333525e-23,-229.6314927700227
6050.830078125,1.1601589e-20,1303.1421363190973,8.902781244101341e-24,-230.5047429781861
6061.5966796875,9.395352e-21,1303.1421363190973,7.209767373534675e-24,-231.42078747766018
6072.36328125,7.885469e-21,1303.1421363190973,6.051119161180232e-24,-232.18164294674006
6083.1298828125,8.163215e-21,1303.1421363190973,6.264255461171231e-24,-232.03130539724896
6093.896484375,9.549928e-21,1303.1421363190973,7.32838539799147e-24,-231.34991699299292
6104.6630859375,1.3065116e-20,1303.1421363190973,1.0025856942651786e-23,-229.98878496557214
6115.4296875,5.9612645e-21,1303.1421363190973,4.574531301174352e-24,-233.39653396404344
6126.1962890625,1.01882115e-20,1303.1421363190973,7.818188402510186e-24,-231.06893868160017
6136.962890625,1.10768176e-20,1303.1421363190973,8.500084593262118e-24,-230.70576752144046
6147.7294921875,1.1338189e-20,1303.1421363190973,8.700654657588764e-24,-230.6044806882025
6158.49609375,1.2838115e-20,1303.1421363190973,9.851661591971892e-24,-230.06490514744368
6169.2626953125,2.959208e-20,1303.1421363190973,2.2708249082438324e-23,-226.4381635072744
6180.029296875,3.6467156e-20,1303.1421363190973,2.7984019973333933e-23,-225.5308989789164
6190.7958984375,3.7997097e-20,1303.1421363190973,2.9158057981112553e-23,-225.35241404776997
6201.5625,1.672285e-20,1303.1421363190973,1.2832713998253464e-23,-228.91681484714917
6212.3291015625,3.5742132e-20,1303.1421363190973,2.742765410448815e-23,-225.61811336144802
6223.095703125,4.459849e-20,1303.1421363190973,3.4223810575440193e-23,-224.65671636532153
6233.8623046875,2.6573647e-20,1303.1421363190973,2.0391979181321594e-23,-226.90540620920592
6244.62890625,1.8020855e-20,1303.1421363190973,1.3828772899309608e-23,-228.5921635544401
6255.3955078125,1.0903074e-20,1303.1421363190973,8.366757403154205e-24,-230.77442823341156
6266.162109375,7.419442e-21,1303.1421363190973,5.6935015252375734e-24,-232.44620558670482
6276.9287109375,9.826976e-21,1303.1421363190973,7.540985500574731e-24,-231.22571894250427
6287.6953125,9.912423e-21,1303.1421363190973,7.606555314905042e-24,-231.18811972193504
6298.4619140625,5.9547024e-21,1303.1421363190973,4.569495694652086e-24,-233.4013172752645
6309.228515625,8.440402e-21,1303.1421363190973,6.476962183354645e-24,-231.88628638627495
6319.9951171875,5.2006998e-21,1303.1421363190973,3.9908918906572826e-24,-233.9893003666772
6330.76171875,8.7980214e-21,1303.1421363190973,6.751390496160579e-24,-231.70606771966277
6341.5283203125,1.16463436e-20,1303.1421363190973,8.937123913215219e-24,-230.4880222053094
6352.294921875,1.21503276e-20,1303.1421363190973,9.323870395848074e-24,-230.3040377191242
6363.0615234375,1.3179031e-20,1303.1421363190973,1.0113271997266603e-23,-229.9510831221715
6373.828125,1.06163405e-20,1303.1421363190973,8.146724922630157e-24,-230.89016947565713
6384.5947265625,1.2385267e-20,1303.1421363190973,9.50415732100871e-24,-230.22086383486567
6395.361328125,1.5233027e-20,1303.1421363190973,1.1689459300611576e-23,-229.32205576792956
6406.1279296875,1.1185563e-20,1303.1421363190973,8.583533026822465e-24,-230.6633391748557
6416.89453125,7.638531e-21,1303.1421363190973,5.8616245177600094e-24,-232.31982004916296
6427.6611328125,5.4631386e-21,1303.1421363190973,4.1922817481304416e-24,-233.7754953767831
6438.427734375,5.7039903e-21,1303.1421363190973,4.37710527528938e-24,-233.58813007892843
6449.1943359375,7.443649e-21,1303.1421363190973,5.7120775110383684e-24,-232.43205907956695
6459.9609375,5.5766772e-21,1303.1421363190973,4.279408247955313e-24,-233.68616280616575
6470.7275390625,7.57342e-21,1303.1421363190973,5.8116608374611594e-24,-232.3569973861301
6481.494140625,6.7237243e-21,1303.1421363190973,5.159624643506277e-24,-232.87381891625387
6492.2607421875,8.153483e-21,1303.1421363190973,6.256787130109464e-24,-232.03648620440643
6503.02734375,1.1468889e-20,1303.1421363190973,8.800949607854427e-24,-230.55470465667878
6513.7939453125,1.1074599e-20,1303.1421363190973,8.498381779066678e-24,-230.7066376267724
6524.560546875,1.7890529e-20,1303.1421363190973,1.3728762474604816e-23,-228.62368608770004
6535.3271484375,1.7069247e-20,1303.1421363190973,1.3098530298821588e-23,-228.82777430979297
6546.09375,1.209106e-20,1303.1421363190973,9.278389077925356e-24,-230.32527419826195
6556.8603515625,1.8722959e-20,1303.1421363190973,1.4367550253418793e-23,-228.42617275158642
6567.626953125,3.007423e-20,1303.1421363190973,2.3078238931168314e-23,-226.3679733466953
6578.3935546875,1.18428515e-20,1303.1421363190973,9.087919980950262e-24,-230.4153550557504
6589.16015625,1.0259454e-20,1303.1421363190973,7.872858842250603e-24,-231.03867535244277
6599.9267578125,9.489978e-21,1303.1421363190973,7.282381520051732e-24,-231.37726572351696
6610.693359375,6.6829642e-21,1303.1421363190973,5.1283463580746565e-24,-232.9002265113337
6621.4599609375,8.49848e-21,1303.1421363190973,6.5215297960993206e-24,-231.85650517140144
6632.2265625,5.372031e-21,1303.1421363190973,4.122367804975358e-24,-233.84853262303272
6642.9931640625,7.459882e-21,1303.1421363190973,5.724534647576986e-24,-232.42259811731074
6653.759765625,6.2502684e-21,1303.1421363190973,4.7963062683031996e-24,-233.19093092798528
6664.5263671875,8.231808e-21,1303.1421363190973,6.3168920700506205e-24,-231.99496543365547
6675.29296875,6.137131e-21,1303.1421363190973,4.7094869197101595e-24,-233.2702640498922
6686.0595703125,9.135922e-21,1303.1421363190973,7.01068812396596e-24,-231.54239352393643
6696.826171875,1.0363006e-20,1303.1421363190973,7.952321438433198e-24,-230.99506073767128
6707.5927734375,1.35382276e-20,1303.1421363190973,1.0388911558320769e-23,-229.83429950900646
6718.359375,7.267185e-21,1303.1421363190973,5.576663800150748e-24,-232.53625536993198
6729.1259765625,1.24026855e-20,1303.1421363190973,9.5175232036742e-24,-230.21476055704517
6739.892578125,1.18426834e-20,1303.1421363190973,9.087791045619846e-24,-230.41541667193965
6750.6591796875,1.0427707e-20,1303.1421363190973,8.001971458745555e-24,-230.9680300198619
6761.42578125,7.68251e-21,1303.1421363190973,5.8953739603776966e-24,-232.2948864115798
6772.1923828125,6.578141e-21,1303.1421363190973,5.0479074486930014e-24,-232.9688861630164
6782.958984375,7.479931e-21,1303.1421363190973,5.739919483949994e-24,-232.41094199574408
6793.7255859375,7.101419e-21,1303.1421363190973,5.4494585587119926e-24,-232.63646645731598
6804.4921875,8.133797e-21,1303.1421363190973,6.2416806204833635e-24,-232.0469845744421
6815.2587890625,9.258559e-21,1303.1421363190973,7.104796038015861e-24,-231.48448385130695
6826.025390625,1.5385676e-20,1303.1421363190973,1.1806599527819762e-23,-229.27875167496916
6836.7919921875,2.2250267e-20,1303.1421363190973,1.7074321878666734e-23,-227.6765653568164
6847.55859375,2.9751648e-20,1303.1421363190973,2.28307004534494e-23,-226.4148076400686
6858.3251953125,5.4707826e-20,1303.1421363190973,4.198147251865979e-23,-223.7694233241601
6869.091796875,7.781218e-20,1303.1421363190973,5.971120615542457e-23,-222.2394415606065
6879.8583984375,9.1867015e-20,1303.1421363190973,7.049654240461752e-23,-221.5183218302873
6890.625,2.9120034e-20,1303.1421363190973,2.234601518973795e-23,-226.50799910357563
6901.3916015625,6.512164e-20,1303.1421363190973,4.997278511679719e-23,-223.01266445491376
6912.158203125,6.191527e-20,1303.1421363190973,4.7512292370271025e-23,-223.23194015260825
6922.9248046875,6.894043e-20,1303.1421363190973,5.2903237224585984e-23,-222.76517752052553
6933.69140625,1.8702967e-20,1303.1421363190973,1.4352209428624918e-23,-228.4308123699281
6944.4580078125,1.311689e-20,1303.1421363190973,1.0065586381098896e-23,-229.97160919766128
6955.224609375,1.4498184e-20,1303.1421363190973,1.112555815351323e-23,-229.53678191860718
6965.9912109375,1.1048419e-20,1303.1421363190973,8.478292042896292e-24,-230.71691627820417
6976.7578125,8.340608e-21,1303.1421363190973,6.400382655545911e-24,-231.93794060356086
6987.5244140625,8.736675e-21,1303.1421363190973,6.70431484328676e-24,-231.73645598868916
6998.291015625,6.8295505e-21,1303.1421363190973,5.240833135641351e-24,-232.80599667701307
7009.0576171875,8.25621e-21,1303.1421363190973,6.335617447267906e-24,-231.98211053886425
7019.82421875,5.84668e-21,1303.1421363190973,4.4866017450006655e-24,-233.4808247907954
7030.5908203125,9.288388e-21,1303.1421363190973,7.127685778453013e-24,-231.47051454270272
7041.357421875,1.8321433e-20,1303.1421363190973,1.4059427047558038e-23,-228.52032377406812
7052.1240234375,1.3102299e-20,1303.1421363190973,1.0054390083320208e-23,-229.9764426932208
7062.890625,6.8945964e-21,1303.1421363190973,5.290747845309898e-24,-232.7648293625665
7073.6572265625,2.1347288e-20,1303.1421363190973,1.63813961382317e-23,-227.8564908735636
7084.423828125,1.536858e-20,1303.1421363190973,1.1793477878424387e-23,-229.28358103244537
7095.1904296875,9.114783e-21,1303.1421363190973,6.994465827826646e-24,-231.55245447274453
7105.95703125,6.972407e-21,1303.1421363190973,5.3504579208016564e-24,-232.71609047143858
7116.7236328125,8.574941e-21,1303.1421363190973,6.5802034298965835e-24,-231.8176067977269
7127.490234375,1.1211138e-20,1303.1421363190973,8.603158471827075e-24,-230.6534207723806
7138.2568359375,9.056353e-21,1303.1421363190973,6.94962856667461e-24,-231.58038406309785
7149.0234375,7.3753564e-21,1303.1421363190973,5.6596714980383764e-24,-232.472087756544
7159.7900390625,8.277574e-21,1303.1421363190973,6.352011450553974e-24,-231.97088727692432
7170.556640625,9.086123e-21,1303.1421363190973,6.972472435888442e-24,-231.56613193944696
7181.3232421875,9.929111e-21,1303.1421363190973,7.619361444669736e-24,-231.18081424024797
7192.08984375,8.612381e-21,1303.1421363190973,6.608933692849005e-24,-231.798686053658
7202.8564453125,1.552688e-20,1303.1421363190973,1.1914953556117796e-23,-229.23907646172
7213.623046875,2.1061526e-20,1303.1421363190973,1.6162109375027314e-23,-227.9150195852734
7224.3896484375,1.9434796e-20,1303.1421363190973,1.4913795938589744e-23,-228.26411803537894
7235.15625,1.05234305e-20,1303.1421363190973,8.075428024080088e-24,-230.92834449359748
7245.9228515625,1.7633224e-20,1303.1421363190973,1.3531314132989578e-23,-228.686600235804
7256.689453125,1.5454451e-20,1303.1421363190973,1.1859374990131905e-23,-229.25938198449782
7267.4560546875,1.33824284e-20,1303.1421363190973,1.0269355033430082e-23,-229.8845683139962
7278.22265625,9.2888546e-21,1303.1421363190973,7.128044069900033e-24,-231.47029623890484
7288.9892578125,6.964884e-21,1303.1421363190973,5.344684965358575e-24,-232.72077888554094
7299.755859375,5.9952266e-21,1303.1421363190973,4.600592974716008e-24,-233.37186188090163
7310.5224609375,7.883869e-21,1303.1421363190973,6.049891796015698e-24,-232.18252392754727
7321.2890625,5.898552e-21,1303.1421363190973,4.526407118918812e-24,-233.4424638684875
7332.0556640625,5.6419554e-21,1303.1421363190973,4.329501173525276e-24,-233.63562138303666
7342.822265625,7.619412e-21,1303.1421363190973,5.846954404636854e-24,-232.33070292838246
7353.5888671875,7.674906e-21,1303.1421363190973,5.889538396913597e-24,-232.29918742484412
7364.35546875,6.164611e-21,1303.1421363190973,4.7305743549877754e-24,-233.25086126903076
7375.1220703125,8.429498e-21,1303.1421363190973,6.468593784505553e-24,-231.89190120877896
7385.888671875,1.0248268e-20,1303.1421363190973,7.864274724675624e-24,-231.04341323593178
7396.6552734375,1.1700678e-20,1303.1421363190973,8.978819615451167e-24,-230.46780753331683
7407.421875,9.580273e-21,1303.1421363190973,7.351671862522208e-24,-231.33613885663874
7418.1884765625,1.1083782e-20,1303.1421363190973,8.505427970897613e-24,-230.70303828938768
7428.955078125,1.1562925e-20,1303.1421363190973,8.873110621070839e-24,-230.51924104097967
7439.7216796875,8.76877e-21,1303.1421363190973,6.728942731158938e-24,-231.7205316788514
7450.48828125,7.450075e-21,1303.1421363190973,5.71700866754537e-24,-232.42831149352236
7461.2548828125,5.5290525e-21,1303.1421363190973,4.24286190047784e-24,-233.7234110371217
7472.021484375,6.850962e-21,1303.1421363190973,5.257264331811193e-24,-232.7924018639018
7482.7880859375,7.506429e-21,1303.1421363190973,5.760252833509097e-24,-232.3955845376637
7493.5546875,6.396114e-21,1303.1421363190973,4.908223994748156e-24,-233.09075625760985
7504.3212890625,6.4254554e-21,1303.1421363190973,4.930739946703382e-24,-233.07087902090637
7515.087890625,7.7353666e-21,1303.1421363190973,5.935934659777149e-24,-232.2651088823011
7525.8544921875,9.322447e-21,1303.1421363190973,7.153822457643611e-24,-231.45461842300338
7536.62109375,1.478675e-20,1303.1421363190973,1.1346998384688113e-23,-229.45119006961593
7547.3876953125,2.2626446e-20,1303.1421363190973,1.736299196655103e-23,-227.60375435691682
7558.154296875,3.7487796e-20,1303.1421363190973,2.8767232678892514e-23,-225.41101913920977
7568.9208984375,4.5725743e-20,1303.1421363190973,3.508883770719866e-23,-224.54831017242276
7579.6875,1.5543417e-20,1303.1421363190973,1.1927646247586981e-23,-229.23445249752845
7590.4541015625,3.7437784e-20,1303.1421363190973,2.872885706141477e-23,-225.41681651480877
7601.220703125,3.2795915e-20,1303.1421363190973,2.5166800360431494e-23,-225.99171995978816
7611.9873046875,2.4080785e-20,1303.1421363190973,1.8479015274456576e-23,-227.33321175554454
7622.75390625,1.3435e-20,1303.1421363190973,1.0309696914696666e-23,-229.86754101953107
7633.5205078125,1.0372041e-20,1303.1421363190973,7.959256051612811e-24,-230.99127523691803
7644.287109375,9.466451e-21,1303.1421363190973,7.264328094267958e-24,-231.38804549080544
7655.0537109375,7.5334505e-21,1303.1421363190973,5.780989105975749e-24,-232.37997849033306
7665.8203125,6.430909e-21,1303.1421363190973,4.93492538589072e-24,-233.0671940930456
7676.5869140625,5.977477e-21,1303.1421363190973,4.5869720108559704e-24,-233.3847390987192
7687.353515625,5.9354846e-21,1303.1421363190973,4.5547484062951e-24,-233.41535607445198
7698.1201171875,5.5440016e-21,1303.1421363190973,4.2543334255964544e-24,-233.711684760642
7708.88671875,5.4898358e-21,1303.1421363190973,4.212768208394413e-24,-233.75432435623824
7719.6533203125,9.861725e-21,1303.1421363190973,7.567650938596315e-24,-231.2103890817836
7730.419921875,1.0995829e-20,1303.1421363190973,8.437935904357595e-24,-230.73763777898142
7741.1865234375,1.09777554e-20,1303.1421363190973,8.424066058116971e-24,-230.7447823624764
7751.953125,6.892253e-21,1303.1421363190973,5.288948949498042e-24,-232.7663062489977
7762.7197265625,1.26516814e-20,1303.1421363190973,9.708596685010618e-24,-230.12843540019935
7773.486328125,1.2848573e-20,1303.1421363190973,9.859685956646077e-24,-230.06136917662005
7784.2529296875,1.0964758e-20,1303.1421363190973,8.41409154657025e-24,-230.74992767104618
7795.01953125,7.422462e-21,1303.1421363190973,5.695818641896678e-24,-232.4444384733423
7805.7861328125,6.7169154e-21,1303.1421363190973,5.154399663217463e-24,-232.87821910038014
7816.552734375,6.7340394e-21,1303.1421363190973,5.167539909054725e-24,-232.86716160619335
7827.3193359375,6.0557242e-21,1303.1421363190973,4.647017752123786e-24,-233.3282566846482
7838.0859375,4.277645e-21,1303.1421363190973,3.2825624074666567e-24,-234.8378700843399
7848.8525390625,7.187404e-21,1303.1421363190973,5.515441214052191e-24,-232.58419739948414
7859.619140625,7.007219e-21,1303.1421363190973,5.377172329453541e-24,-232.69446044882105
7870.3857421875,8.3891826e-21,1303.1421363190973,6.437657983545349e-24,-231.91272100002777
7881.15234375,9.596876e-21,1303.1421363190973,7.364412284858903e-24,-231.3286190620454
7891.9189453125,1.0320716e-20,1303.1421363190973,7.919869407577818e-24,-231.01281979526152
7902.685546875,2.0702298e-20,1303.1421363190973,1.588644687836149e-23,-227.98973225113028
7913.4521484375,1.654611e-20,1303.1421363190973,1.269708890780973e-23,-228.96295839374335
7924.21875,9.1432635e-21,1303.1421363190973,7.016320986213493e-24,-231.53890550863153
7934.9853515625,1.7858068e-20,1303.1421363190973,1.370385440034154e-23,-228.63157264276649
7945.751953125,2.0892333e-20,1303.1421363190973,1.6032276456349945e-23,-227.95004806888693
7956.5185546875,1.2056861e-20,1303.1421363190973,9.252145159253209e-24,-230.33757562091634
7967.28515625,8.596143e-21,1303.1421363190973,6.596474076784802e-24,-231.80688139938823
7978.0517578125,9.050311e-21,1303.1421363190973,6.944991853830818e-24,-231.58328259334343
7988.818359375,5.970297e-21,1303.1421363190973,4.581462814946985e-24,-233.38995833998865
7999.5849609375,6.81643e-21,1303.1421363190973,5.2307644021224035e-24,-232.81434840508297
8010.3515625,4.5543757e-21,1303.1421363190973,3.4949185867205026e-24,-234.56562936584928
8021.1181640625,5.5563358e-21,1303.1421363190973,4.2637987045761725e-24,-233.70203306691468
8031.884765625,6.260747e-21,1303.1421363190973,4.804346749893686e-24,-233.1836565528019
8042.6513671875,5.2558095e-21,1303.1421363190973,4.033181749211515e-24,-233.94352206730014
8053.41796875,5.4651443e-21,1303.1421363190973,4.19382060369658e-24,-233.7739015100253
8064.1845703125,6.6110343e-21,1303.1421363190973,5.073149019147446e-24,-232.94722380489043
8074.951171875,9.5728425e-21,1303.1421363190973,7.345969573558298e-24,-231.33950874801386
8085.7177734375,1.3274191e-20,1303.1421363190973,1.0186296505267964e-23,-229.91983686423382
8096.484375,8.237326e-21,1303.1421363190973,6.32112647986826e-24,-231.99205519756194
8107.2509765625,1.4635746e-20,1303.1421363190973,1.1231118996239858e-23,-229.4957697128246
8118.017578125,1.1273326e-20,1303.1421363190973,8.650880041115764e-24,-230.62939710158355
8128.7841796875,5.7165725e-21,1303.1421363190973,4.386760547917043e-24,-233.57856070987464
8139.55078125,5.851343e-21,1303.1421363190973,4.490180630241794e-24,-233.4773618791886
8150.3173828125,6.0928743e-21,1303.1421363190973,4.675525477654961e-24,-233.30169572123833
8161.083984375,7.294042e-21,1303.1421363190973,5.597272377049777e-24,-232.52023558740675
8171.8505859375,7.140068e-21,1303.1421363190973,5.4791167841145686e-24,-232.61289442738132
8182.6171875,6.2681037e-21,1303.1421363190973,4.8099923197098415e-24,-233.17855617079454
8193.3837890625,1.3588463e-20,1303.1421363190973,1.0427460122708061e-23,-229.81821462332857
8204.150390625,1.4913929e-20,1303.1421363190973,1.1444592511710406e-23,-229.41399665904783
8214.9169921875,2.2633219e-20,1303.1421363190973,1.7368189052177014e-23,-227.60245462246496
8225.68359375,4.5170288e-20,1303.1421363190973,3.4662597341049265e-23,-224.6013889780727
8236.4501953125,9.52409e-20,1303.1421363190973,7.308558367556806e-23,-221.3616828032808
8247.216796875,1.8275049e-19,1303.1421363190973,1.4023833705739129e-22,-218.53133246736573
8257.9833984375,1.7783172e-19,1303.1421363190973,1.3646379493188307e-22,-218.64982555560442
8268.75,6.2051044e-20,1303.1421363190973,4.7616477076298026e-23,-223.22242739189872
8279.5166015625,1.6199981e-19,1303.1421363190973,1.243147543243445e-22,-219.05477323961887
8290.283203125,1.7005542e-19,1303.1421363190973,1.304964496419962e-22,-218.84401303818916
8301.0498046875,9.160841e-20,1303.1421363190973,7.029809109490318e-23,-221.5305646784228
8311.81640625,5.2682193e-20,1303.1421363190973,4.0427052970424797e-23,-223.9332791647813
8322.5830078125,2.7830818e-20,1303.1421363190973,2.1356699358509983e-23,-226.70465865929475
8333.349609375,1.3880666e-20,1303.1421363190973,1.0651691059928768e-23,-229.72581438263316
8344.1162109375,9.282017e-21,1303.1421363190973,7.122797393762351e-24,-231.47349408880535
8354.8828125,7.966051e-21,1303.1421363190973,6.112956669623847e-24,-232.13748682602164
8365.6494140625,7.795044e-21,1303.1421363190973,5.981730257567754e-24,-232.2317317510463
8376.416015625,7.223766e-21,1303.1421363190973,5.543344555222043e-24,-232.5622812631805
8387.1826171875,7.882715e-21,1303.1421363190973,6.049007225263279e-24,-232.18315896747384
8397.94921875,7.485377e-21,1303.1421363190973,5.744098104441973e-24,-232.4077815131207
8408.7158203125,9.915384e-21,1303.1421363190973,7.608827800103618e-24,-231.18682244564323
8419.482421875,1.0547143e-20,1303.1421363190973,8.09362464246639e-24,-230.91856940725972
8430.2490234375,1.1149246e-20,1303.1421363190973,8.555663779129406e-24,-230.67746290689792
8441.015625,8.583444e-21,1303.1421363190973,6.586728921354686e-24,-231.8133020969988
8451.7822265625,1.2444238e-20,1303.1421363190973,9.549409902696219e-24,-230.20023464428905
8462.548828125,1.0140561e-20,1303.1421363190973,7.781622838709431e-24,-231.08929822496134
8473.3154296875,8.570932e-21,1303.1421363190973,6.577126958527099e-24,-231.8196377485724
8484.08203125,7.1967145e-21,1303.1421363190973,5.522585967025127e-24,-232.57857514983183
8494.8486328125,5.5042133e-21,1303.1421363190973,4.2238008574844974e-24,-233.7429656597954
8505.615234375,8.450949e-21,1303.1421363190973,6.4850553548638106e-24,-231.88086312531436
8516.3818359375,8.872667e-21,1303.1421363190973,6.808672496223307e-24,-231.66937555306714
8527.1484375,6.7822e-21,1303.1421363190973,5.204498167719992e-24,-232.83621140024155
8537.9150390625,8.021081e-21,1303.1421363190973,6.155184230097759e-24,-232.10758943720893
8548.681640625,7.816882e-21,1303.1421363190973,5.9984875113520124e-24,-232.2195824099627
8559.4482421875,8.472841e-21,1303.1421363190973,6.501854760583012e-24,-231.86962736067494
8570.21484375,8.9766375e-21,1303.1421363190973,6.888456810850546e-24,-231.61878060181965
8580.9814453125,1.6097524e-20,1303.1421363190973,1.2352855131093053e-23,-229.0823265176706
8591.748046875,1.910646e-20,1303.1421363190973,1.46618401860413e-23,-228.33811518611043
8602.5146484375,2.1430466e-20,1303.1421363190973,1.64452253256014e-23,-227.83960171619154
8613.28125,1.19112045e-20,1303.1421363190973,9.140371865173575e-24,-230.39036135151545
8624.0478515625,1.7330397e-20,1303.1421363190973,1.3298929275882875e-23,-228.76183323566346
8634.814453125,2.0481472e-20,1303.1421363190973,1.571698990107437e-23,-228.03630625887496
8645.5810546875,1.4371528e-20,1303.1421363190973,1.1028366949398486e-23,-229.57488791945337
8656.34765625,8.1080575e-21,1303.1421363190973,6.221928099792527e-24,-232.06075011877874
8667.1142578125,8.385598e-21,1303.1421363190973,6.434907569790281e-24,-231.91457686866562
8677.880859375,7.323805e-21,1303.1421363190973,5.620111907093835e-24,-232.5025503671751
8688.6474609375,6.133895e-21,1303.1421363190973,4.7070036748368655e-24,-233.2725546263227
8699.4140625,4.9285206e-21,1303.1421363190973,3.7820287430711874e-24,-234.22275174880252
8710.1806640625,7.436959e-21,1303.1421363190973,5.7069436533148e-24,-232.43596415373815
8720.947265625,6.6743136e-21,1303.1421363190973,5.121707738261742e-24,-232.90585207453216
8731.7138671875,5.8146605e-21,1303.1421363190973,4.462030886216941e-24,-233.5046742785156
8742.48046875,6.4311996e-21,1303.1421363190973,4.935148233252664e-24,-233.0669979822903
8753.2470703125,9.685117e-21,1303.1421363190973,7.432126268938769e-24,-231.28886920457163
8764.013671875,1.0448518e-20,1303.1421363190973,8.017941463156603e-24,-230.9593711874163
8774.7802734375,1.1702919e-20,1303.1421363190973,8.98053854656291e-24,-230.46697618701575
8785.546875,7.594005e-21,1303.1421363190973,5.827457275081263e-24,-232.3452090189395
8796.3134765625,1.344168e-20,1303.1421363190973,1.0314822713962084e-23,-229.86538232064038
8807.080078125,1.1654635e-20,1303.1421363190973,8.943487615628906e-24,-230.48493090056851
8817.8466796875,6.938352e-21,1303.1421363190973,5.324324960899434e-24,-232.73735445981248
8828.61328125,6.49375e-21,1303.1421363190973,4.9831475094068636e-24,-233.0249625680381
8839.3798828125,5.909509e-21,1303.1421363190973,4.5348158100586586e-24,-233.43440347920236
8850.146484375,5.820993e-21,1303.1421363190973,4.466890756363376e-24,-233.49994668636
8860.9130859375,5.546824e-21,1303.1421363190973,4.256499291194878e-24,-233.70947434591636
8871.6796875,4.639884e-21,1303.1421363190973,3.560535512036926e-24,-234.484846783102
8882.4462890625,7.340935e-21,1303.1421363190973,5.6332571119822665e-24,-232.49240426331338
8893.212890625,8.483711e-21,1303.1421363190973,6.510196504532066e-24,-231.8640590243857
8903.9794921875,1.0476874e-20,1303.1421363190973,8.039701779689825e-24,-230.94760060435274
8914.74609375,1.2431151e-20,1303.1421363190973,9.539366584314517e-24,-230.2048046157156
8925.5126953125,2.4328949e-20,1303.1421363190973,1.866945151771767e-23,-227.28868440825835
8936.279296875,3.438573e-20,1303.1421363190973,2.6386781497773023e-23,-225.78613579200183
8947.0458984375,3.5740636e-20,1303.1421363190973,2.742650608414233e-23,-225.61829514488971
8957.8125,1.6605507e-20,1303.1421363190973,1.2742666307348864e-23,-228.94739689629182
8968.5791015625,4.5596483e-20,1303.1421363190973,3.4989646765699685e-23,-224.56060441869244
8979.345703125,3.797103e-20,1303.1421363190973,2.913805812774462e-23,-225.35539394656155
8990.1123046875,2.6957362e-20,1303.1421363190973,2.068643152286991e-23,-226.84314420092548
9000.87890625,1.3420209e-20,1303.1421363190973,1.0298346266450317e-23,-229.87232509762578
9011.6455078125,1.0904469e-20,1303.1421363190973,8.367828558206889e-24,-230.77387226300348
9022.412109375,7.823206e-21,1303.1421363190973,6.003339942921693e-24,-232.21607063748075
9033.1787109375,9.260413e-21,1303.1421363190973,7.10621804593881e-24,-231.483614708271
9043.9453125,9.082286e-21,1303.1421363190973,6.969527379374958e-24,-231.5679667146997
9054.7119140625,5.9371062e-21,1303.1421363190973,4.5559931281387284e-24,-233.4141693964423
9065.478515625,5.111109e-21,1303.1421363190973,3.922142394705016e-24,-234.06476643174088
9076.2451171875,6.89942e-21,1303.1421363190973,5.294449157126781e-24,-232.7617921789165
9087.01171875,7.064396e-21,1303.1421363190973,5.421048154560025e-24,-232.65916734913316
9097.7783203125,8.061736e-21,1303.1421363190973,6.186382860769964e-24,-232.08563206031116
9108.544921875,1.0331905e-20,1303.1421363190973,7.928455384796985e-24,-231.00811413338033
9119.3115234375,1.2991997e-20,1303.1421363190973,9.969746518427931e-24,-230.01315883518583
9130.078125,5.7827284e-21,1303.1421363190973,4.437527284564707e-24,-233.5285896362711
9140.8447265625,1.0408799e-20,1303.1421363190973,7.98746251478542e-24,-230.97591166975647
9151.611328125,1.1229375e-20,1303.1421363190973,8.617153534109737e-24,-230.64636169045536
9162.3779296875,8.562185e-21,1303.1421363190973,6.5704155026501275e-24,-231.82407165477915
9173.14453125,5.761213e-21,1303.1421363190973,4.421016433635449e-24,-233.54477870748067
9183.9111328125,5.9098505e-21,1303.1421363190973,4.535077709948566e-24,-233.43415266770876
9194.677734375,4.8645797e-21,1303.1421363190973,3.7329620311526815e-24,-234.27946427364006
9205.4443359375,7.1011485e-21,1303.1421363190973,5.4492508984442556e-24,-232.6366319552747
9216.2109375,5.4615646e-21,1303.1421363190973,4.191073599289191e-24,-233.7767471246978
9226.9775390625,5.096425e-21,1303.1421363190973,3.910874190684365e-24,-234.0772615468719
9237.744140625,5.892567e-21,1303.1421363190973,4.521814107713454e-24,-233.4468729551868
9248.5107421875,7.3691315e-21,1303.1421363190973,5.654894691999036e-24,-232.47575478291057
9259.27734375,9.1596125e-21,1303.1421363190973,7.028867385673167e-24,-231.53114650482448
9270.0439453125,1.5263964e-20,1303.1421363190973,1.1713200758087147e-23,-229.31324413071798
9280.810546875,1.9302197e-20,1303.1421363190973,1.4812043647161547e-23,-228.2938501687013
9291.5771484375,2.3757878e-20,1303.1421363190973,1.8231226364653584e-23,-227.39184116562353
9302.34375,1.062691e-20,1303.1421363190973,8.154834830937021e-24,-230.8858483079036
9313.1103515625,2.1286433e-20,1303.1421363190973,1.6334697993128184e-23,-227.868888906425
9323.876953125,1.8413902e-20,1303.1421363190973,1.4130384870984373e-23,-228.4984600905955
9334.6435546875,1.7633636e-20,1303.1421363190973,1.3531630272501656e-23,-228.68649877038797
9345.41015625,8.601989e-21,1303.1421363190973,6.600959538567915e-24,-231.80392929304247
9356.1767578125,6.1492974e-21,1303.1421363190973,4.7188229534187644e-24,-233.26166316743866
9366.943359375,6.6814524e-21,1303.1421363190973,5.127185940100916e-24,-232.9012093235568
9377.7099609375,6.0486233e-21,1303.1421363190973,4.641568684710235e-24,-233.33335218587823
9388.4765625,4.5452205e-21,1303.1421363190973,3.487893160916341e-24,-234.5743682658784
9399.2431640625,6.938568e-21,1303.1421363190973,5.3244910891136234e-24,-232.73721895448233
9410.009765625,6.3346537e-21,1303.1421363190973,4.861060938597469e-24,-233.1326893454555
9420.7763671875,8.639289e-21,1303.1421363190973,6.629582562038789e-24,-231.78513816498779
9431.54296875,6.192853e-21,1303.1421363190973,4.7522469583034314e-24,-233.23100998615752
9442.3095703125,8.416199e-21,1303.1421363190973,6.4583892969608316e-24,-231.89875780250065
9453.076171875,1.1150984e-20,1303.1421363190973,8.556998383775486e-24,-230.6767855003916
9463.8427734375,1.6207216e-20,1303.1421363190973,1.2437028825886988e-23,-229.05283359085888
9474.609375,7.772236e-21,1303.1421363190973,5.9642272864638325e-24,-232.2444581468648
9485.3759765625,1.2221844e-20,1303.1421363190973,9.378749735619019e-24,-230.27855052784264
9496.142578125,9.172826e-21,1303.1421363190973,7.039006785671285e-24,-231.52488616132428
9506.9091796875,9.099852e-21,1303.1421363190973,6.98300794009875e-24,-231.55957464139834
9517.67578125,6.0360363e-21,1303.1421363190973,4.631909072912799e-24,-233.3423997465191
9528.4423828125,7.20215e-21,1303.1421363190973,5.526757148940352e-24,-232.5752961831895
9539.208984375,7.153999e-21,1303.1421363190973,5.489806638792538e-24,-232.6044295194049
9549.9755859375,9.2516904e-21,1303.1421363190973,7.099524566622329e-24,-231.4877073367612
9560.7421875,8.3826604e-21,1303.1421363190973,6.432653061152196e-24,-231.91609871215877
9571.5087890625,9.109766e-21,1303.1421363190973,6.990616364356064e-24,-231.55484530715339
9582.275390625,1.1826887e-20,1303.1421363190973,9.075669264916589e-24,-230.42121339036424
9593.0419921875,1.952155e-20,1303.1421363190973,1.4980368721019153e-23,-228.24477496948083
9603.80859375,2.1398581e-20,1303.1421363190973,1.642075860689224e-23,-227.84606783198495
9614.5751953125,5.495992e-20,1303.1421363190973,4.217492510479493e-23,-223.74945679968312
9625.341796875,8.610097e-20,1303.1421363190973,6.607181908023262e-23,-221.79983736091157
9636.1083984375,5.564053e-20,1303.1421363190973,4.2697207414950463e-23,-223.69600528814266
9646.875,3.6672254e-20,1303.1421363190973,2.814140785983647e-23,-225.50654179450532
9657.6416015625,7.32581e-20,1303.1421363190973,5.621650328742996e-23,-222.50136171361132
9668.408203125,8.540264e-20,1303.1421363190973,6.553592913366707e-23,-221.83520538994128
9679.1748046875,7.495327e-20,1303.1421363190973,5.75173417540956e-23,-222.4020119369967
9689.94140625,2.6429623e-20,1303.1421363190973,2.028145804766234e-23,-226.92900826493917
9700.7080078125,1.499654e-20,1303.1421363190973,1.1507985302577161e-23,-229.39000701440534
9711.474609375,1.1015577e-20,1303.1421363190973,8.453089524969809e-24,-230.72984531474546
9722.2412109375,1.0466002e-20,1303.1421363190973,8.031358176096583e-24,-230.9521100534311
9733.0078125,6.2316132e-21,1303.1421363190973,4.781990727338687e-24,-233.20391270351055
9743.7744140625,1.0907197e-20,1303.1421363190973,8.369921277800558e-24,-230.77278626687456
9754.541015625,8.48685e-21,1303.1421363190973,6.5126047437564155e-24,-231.86245278775777
9765.3076171875,6.8013585e-21,1303.1421363190973,5.219199274912959e-24,-232.8239612097499
9776.07421875,5.8509595e-21,1303.1421363190973,4.489885566697189e-24,-233.47764727679365
9786.8408203125,7.0741286e-21,1303.1421363190973,5.428516485621792e-24,-232.65318838944398
9797.607421875,1.3092031e-20,1303.1421363190973,1.0046510151011344e-23,-229.97984772608493
9808.3740234375,1.217574e-20,1303.1421363190973,9.343370624810645e-24,-230.2949642358972
9819.140625,7.023524e-21,1303.1421363190973,5.389684015555027e-24,-232.6843669572671
9829.9072265625,1.168434e-20,1303.1421363190973,8.966281894331038e-24,-230.47387611306948
9840.673828125,9.151278e-21,1303.1421363190973,7.02247082954548e-24,-231.5351005612692
9851.4404296875,9.985533e-21,1303.1421363190973,7.662657680670747e-24,-231.15620575554686
9862.20703125,5.5994465e-21,1303.1421363190973,4.29688084487082e-24,-233.66846689400248
9872.9736328125,9.774177e-21,1303.1421363190973,7.500468812754412e-24,-231.24911590417753
9883.740234375,8.853863e-21,1303.1421363190973,6.794241657319097e-24,-231.67859010222284
9894.5068359375,7.305051e-21,1303.1421363190973,5.605720740598982e-24,-232.51368541223923
9905.2734375,6.5140538e-21,1303.1421363190973,4.998728538241778e-24,-233.01140447473213
9916.0400390625,8.980376e-21,1303.1421363190973,6.891325621952293e-24,-231.61697228756623
9926.806640625,7.164778e-21,1303.1421363190973,5.4980789560252135e-24,-232.59789027693742
9937.5732421875,8.195699e-21,1303.1421363190973,6.2891821318763915e-24,-232.0140582811713
9948.33984375,8.271803e-21,1303.1421363190973,6.347582397977918e-24,-231.97391652840238
9959.1064453125,1.5559878e-20,1303.1421363190973,1.1940278190679336e-23,-229.22985554674864
9969.873046875,1.5910315e-20,1303.1421363190973,1.2209195137991399e-23,-229.13312964937205
9980.6396484375,2.019687e-20,1303.1421363190973,1.549859328755497e-23,-228.09707718292725
9991.40625,8.549614e-21,1303.1421363190973,6.560768288480616e-24,-231.83045300272158
10002.1728515625,1.5083008e-20,1303.1421363190973,1.1574338646992304e-23,-229.3650381501131
10012.939453125,2.1038628e-20,1303.1421363190973,1.6144538216969808e-23,-227.91974372615852
10023.7060546875,1.5223342e-20,1303.1421363190973,1.1682025682907998e-23,-229.32481843299803
10034.47265625,1.11995966e-20,1303.1421363190973,8.594301606437755e-24,-230.65789409354326
10045.2392578125,1.1782475e-20,1303.1421363190973,9.041588185751918e-24,-230.43755277519423
10056.005859375,8.593426e-21,1303.1421363190973,6.594389415649284e-24,-231.80825410229863
10066.7724609375,5.649128e-21,1303.1421363190973,4.335005410383092e-24,-233.6301035615823
10077.5390625,4.0368425e-21,1303.1421363190973,3.0977757632507936e-24,-235.08950022441047
10088.3056640625,7.71631e-21,1303.1421363190973,5.921311657640106e-24,-232.27582080003745
10099.072265625,6.558207e-21,1303.1421363190973,5.03261032553756e-24,-232.98206695674878
10109.8388671875,5.47301e-21,1303.1421363190973,4.199856388851662e-24,-233.7676555974391
10120.60546875,6.0417797e-21,1303.1421363190973,4.636316739580685e-24,-233.33826901967888
10131.3720703125,9.798881e-21,1303.1421363190973,7.519426025613888e-24,-231.2381530879961
10142.138671875,9.932074e-21,1303.1421363190973,7.621635789512501e-24,-231.1795180843504
10152.9052734375,8.506048e-21,1303.1421363190973,6.527336845019194e-24,-231.8526397483913
10163.671875,6.3481374e-21,1303.1421363190973,4.8714079988633234e-24,-233.12345495097802
10174.4384765625,1.1084234e-20,1303.1421363190973,8.505774484598105e-24,-230.7028613601101
10185.205078125,9.427611e-21,1303.1421363190973,7.23452233709308e-24,-231.40590138105813
10195.9716796875,7.404095e-21,1303.1421363190973,5.6817250184720155e-24,-232.4551978889011
10206.73828125,4.567943e-21,1303.1421363190973,3.5053301146515646e-24,-234.55271076065208
10217.5048828125,6.1267317e-21,1303.1421363190973,4.7015071864965035e-24,-233.27762895713406
10228.271484375,5.3149953e-21,1303.1421363190973,4.0786001491725154e-24,-233.8948886921584
10239.0380859375,6.829621e-21,1303.1421363190973,5.240887065322823e-24,-232.80595198709076
10249.8046875,8.236841e-21,1303.1421363190973,6.3207539311491264e-24,-231.99231116557897
10260.5712890625,6.707695e-21,1303.1421363190973,5.147324336960905e-24,-232.88418465650253
10271.337890625,7.392885e-21,1303.1421363190973,5.673122304455149e-24,-232.46177853562494
10282.1044921875,9.161202e-21,1303.1421363190973,7.030086072498154e-24,-231.53039357685418
10292.87109375,1.7706872e-20,1303.1421363190973,1.3587827480120983e-23,-228.66849975851693
10303.6376953125,2.7596455e-20,1303.1421363190973,2.1176856888310442e-23,-226.74138498305894
10314.404296875,3.0795414e-20,1303.1421363190973,2.3631661603144807e-23,-226.26505740927655
10325.1708984375,3.6271673e-20,1303.1421363190973,2.78340111549721e-23,-225.5542420304637
10335.9375,2.098981e-20,1303.1421363190973,1.6107077544432898e-23,-227.92983250484653
10346.7041015625,4.152867e-20,1303.1421363190973,3.1868107539183755e-23,-224.96643725973794
10357.470703125,3.5502266e-20,1303.1421363190973,2.724358652269191e-23,-225.64735719649008
10368.2373046875,2.8128435e-20,1303.1421363190973,2.1585085980611008e-23,-226.6584621706421
10379.00390625,1.8047953e-20,1303.1421363190973,1.3849567440627507e-23,-228.58563790576585
10389.7705078125,9.371389e-21,1303.1421363190973,7.191379831678334e-24,-231.43187772233262
10400.537109375,7.094736e-21,1303.1421363190973,5.44433027992099e-24,-232.6405553622472
10411.3037109375,6.6934203e-21,1303.1421363190973,5.136370102867445e-24,-232.89343690577428
10422.0703125,7.142699e-21,1303.1421363190973,5.481136357703483e-24,-232.61129393574294
10432.8369140625,7.9679594e-21,1303.1421363190973,6.114421449363136e-24,-232.1364462991731
10443.603515625,6.1181905e-21,1303.1421363190973,4.694952560612778e-24,-233.28368791633906
10454.3701171875,6.3567554e-21,1303.1421363190973,4.878021823420389e-24,-233.1175626106004
10465.13671875,7.378833e-21,1303.1421363190973,5.662339467567746e-24,-232.47004097444943
10475.9033203125,1.0462344e-20,1303.1421363190973,8.028551973015855e-24,-230.95362776867876
10486.669921875,7.968731e-21,1303.1421363190973,6.1150128162151385e-24,-232.13602628405997
10497.4365234375,9.477394e-21,1303.1421363190973,7.272725007661277e-24,-231.3830283342583
10508.203125,6.4899722e-21,1303.1421363190973,4.980248943998097e-24,-233.02748947942592
10518.9697265625,1.024448e-20,1303.1421363190973,7.86136748092731e-24,-231.04501902082163
10529.736328125,1.296458e-20,1303.1421363190973,9.948708363721314e-24,-230.02233299849337
10540.5029296875,9.995671e-21,1303.1421363190973,7.670437812074818e-24,-231.15179846749618
10551.26953125,6.251266e-21,1303.1421363190973,4.7970715118868445e-24,-233.19023807282204
10562.0361328125,6.156637e-21,1303.1421363190973,4.724455815666297e-24,-233.25648208289934
10572.802734375,6.812568e-21,1303.1421363190973,5.2278013690484284e-24,-232.8168092184991
10583.5693359375,7.5801264e-21,1303.1421363190973,5.8168064729312566e-24,-232.35315385081844
10594.3359375,5.02909e-21,1303.1421363190973,3.859203047079603e-24,-234.1350237097346
10605.1025390625,6.6733854e-21,1303.1421363190973,5.120996114418871e-24,-232.90645553688566
10615.869140625,6.4313672e-21,1303.1421363190973,4.9352771685830796e-24,-233.06688452030613
10626.6357421875,6.8154294e-21,1303.1421363190973,5.229996988953872e-24,-232.81498561167354
10637.40234375,1.0115283e-20,1303.1421363190973,7.762225510058633e-24,-231.10013744184073
10648.1689453125,1.23220936e-20,1303.1421363190973,9.455678876535226e-24,-230.24307285248443
10658.935546875,1.9329503e-20,1303.1421363190973,1.483299563835409e-23,-228.28771130979328
10669.7021484375,1.8646223e-20,1303.1421363190973,1.4308664000302622e-23,-228.44400914415135
10680.46875,9.193271e-21,1303.1421363190973,7.054695363928445e-24,-231.51521735222371
10691.2353515625,1.5703641e-20,1303.1421363190973,1.205059848276621e-23,-229.1899138368592
10702.001953125,1.4864164e-20,1303.1421363190973,1.1406404098414323e-23,-229.42851246585496
10712.7685546875,1.3522597e-20,1303.1421363190973,1.0376916233422342e-23,-229.83931689048887
10723.53515625,8.5029466e-21,1303.1421363190973,6.524957740220467e-24,-231.85422296748072
10734.3017578125,8.152102e-21,1303.1421363190973,6.255727132921913e-24,-232.03722202923078
10745.068359375,8.885071e-21,1303.1421363190973,6.818190155181008e-24,-231.66330890728977
10755.8349609375,6.2952657e-21,1303.1421363190973,4.83083614159874e-24,-233.15977693212375
10766.6015625,6.317872e-21,1303.1421363190973,4.848183522472208e-24,-233.14420948807026
10777.3681640625,7.192224e-21,1303.1421363190973,5.51914004634349e-24,-232.5812858571685
10788.134765625,7.683718e-21,1303.1421363190973,5.896300683065059e-24,-232.29420377647938
10798.9013671875,8.27844e-21,1303.1421363190973,6.352676583292128e-24,-231.97043254166852
10809.66796875,7.443997e-21,1303.1421363190973,5.7123446799201426e-24,-232.43185595337087
10820.4345703125,1.1906486e-20,1303.1421363190973,9.136751757819597e-24,-230.3920817454907
10831.201171875,1.2803898e-20,1303.1421363190973,9.825404035909028e-24,-230.07649581720176
10841.9677734375,1.3776364e-20,1303.1421363190973,1.0571649494522095e-23,-229.75857244435372
10852.734375,8.742226e-21,1303.1421363190973,6.708574668241647e-24,-231.73369742047402
10863.5009765625,2.09789e-20,1303.1421363190973,1.6098704186532637e-23,-227.9320907970025
10874.267578125,2.1370424e-20,1303.1421363190973,1.6399152020945282e-23,-227.85178608180686
10885.0341796875,1.5577989e-20,1303.1421363190973,1.1954174691819998e-23,-229.2248040191215
10895.80078125,1.9278662e-20,1303.1421363190973,1.479398402256381e-23,-228.29914854669943
10906.5673828125,1.8607497e-20,1303.1421363190973,1.4278946886167406e-23,-228.45303821858988
10917.333984375,2.2868713e-20,1303.1421363190973,1.7548900596094067e-23,-227.5575008603608
10928.1005859375,2.7250073e-20,1303.1421363190973,2.0911054225133035e-23,-226.79624071791764
10938.8671875,6.1629563e-20,1303.1421363190973,4.7293052718052756e-23,-223.25202651816346
10949.6337890625,8.4483174e-20,1303.1421363190973,6.483035533322337e-23,-221.88221598035608
10960.400390625,1.5230815e-19,1303.1421363190973,1.1687761569443583e-22,-219.32268656599013
10971.1669921875,1.5870975e-19,1303.1421363190973,1.2179004186516903e-22,-219.14388220240164
10981.93359375,1.2005879e-19,1303.1421363190973,9.213023452526964e-23,-220.35597823302686
10992.7001953125,1.877412e-19,1303.1421363190973,1.4406809325862442e-22,-218.4143219167766
11003.466796875,3.4792956e-19,1303.1421363190973,2.6699279578575805e-22,-215.73500456960153
11014.2333984375,4.0547564e-19,1303.1421363190973,3.1115227366010568e-22,-215.07027021179817
11025.0,4.372441e-20,1303.1421363190973,3.3553059232311066e-23,-224.74267876474389
