N,eta,f_ent,fisher,crb,mc_sigma
2,0.99,0.0,1.98,0.5050505050505051,0.797081777968279
2,0.99,0.25,1.7325,0.5772005772005773,0.8838459828307437
2,0.99,0.5,1.4849999999999999,0.6734006734006734,0.9420309622073049
2,0.99,0.75,2.157250887116247,0.4635529441532747,0.7765457621212883
2,0.99,1.0,3.9204,0.2550760126517702,0.5666557591310922
2,0.9,0.0,1.8,0.5555555555555556,0.8514559868143541
2,0.9,0.25,1.5750000000000002,0.6349206349206349,0.8829306426393738
2,0.9,0.5,1.35,0.7407407407407407,1.049202791019759
2,0.9,0.75,1.8908127589142179,0.5288730971829495,0.8224219129140211
2,0.9,1.0,3.24,0.30864197530864196,0.621602206170582
2,0.8,0.0,1.6,0.625,0.880386106793886
2,0.8,0.25,1.4000000000000001,0.7142857142857142,1.0147261134176757
2,0.8,0.5,1.2000000000000002,0.8333333333333333,1.0567677959316668
2,0.8,0.75,1.6074767078498864,0.622092995261854,0.9072074544757919
2,0.8,1.0,2.5600000000000005,0.39062499999999994,0.707562654597189
2,0.6,0.0,1.2,0.8333333333333334,1.0196943512764713
2,0.6,0.25,1.0499999999999998,0.9523809523809526,1.1157301206121888
2,0.6,0.5,0.8999999999999999,1.1111111111111112,1.2306777142837642
2,0.6,0.75,1.0842791276070018,0.9222717421546189,1.0802684735744341
2,0.6,1.0,1.44,0.6944444444444444,0.9441063107456954
2,0.4,0.0,0.8,1.25,1.2851662997762419
2,0.4,0.25,0.7000000000000001,1.4285714285714284,1.365300123881778
2,0.4,0.5,0.6000000000000001,1.6666666666666665,1.423880385998907
2,0.4,0.75,0.6269074841227313,1.595131698578075,1.4790038658082851
2,0.4,1.0,0.6400000000000001,1.5624999999999998,1.4703684523719684
3,0.99,0.0,2.9699999999999998,0.3367003367003367,0.6686788413387841
3,0.99,0.25,2.475,0.40404040404040403,0.7359174402869548
3,0.99,0.5,2.593167258077498,0.3856288085101661,0.673356643024852
3,0.99,0.75,4.454478802263378,0.22449315495493818,0.522970420551185
3,0.99,1.0,8.732691,0.11451223912537382,0.3799909579630067
3,0.9,0.0,2.7,0.37037037037037035,0.7022888585500873
3,0.9,0.25,2.2500000000000004,0.44444444444444436,0.7599799726225109
3,0.9,0.5,2.310541839276145,0.4327989145235663,0.7471842615086889
3,0.9,0.75,3.6705180845139243,0.27244110421878687,0.6406441815047049
3,0.9,1.0,6.561000000000001,0.15241579027587257,0.44059256035875294
3,0.8,0.0,2.4000000000000004,0.41666666666666663,0.7287433033513478
3,0.8,0.25,2.0000000000000004,0.4999999999999999,0.8219502997219044
3,0.8,0.5,2.004984471899925,0.4987569799243379,0.8248143785101967
3,0.8,0.75,2.8981521098777177,0.3450474516474545,0.6663915397254586
3,0.8,1.0,4.608000000000001,0.2170138888888888,0.5220085090417219
3,0.6,0.0,1.7999999999999998,0.5555555555555556,0.8876669620970206
3,0.6,0.25,1.4999999999999998,0.6666666666666667,0.9324471077565858
3,0.6,0.5,1.4228527517380012,0.7028134139520126,0.9411676813636546
3,0.6,0.75,1.6530027302294694,0.6049596783552682,0.8601528402498501
3,0.6,1.0,1.9439999999999997,0.5144032921810701,0.8356232210938873
3,0.4,0.0,1.2000000000000002,0.8333333333333333,1.030965468886326
3,0.4,0.25,1.0000000000000002,0.9999999999999998,1.129363502210166
3,0.4,0.5,0.8846049894151542,1.1304480666123506,1.2757287403687154
3,0.4,0.75,0.7831269677259833,1.2769321466527517,1.3280712913772872
3,0.4,1.0,0.5760000000000002,1.7361111111111105,1.4738135175904905
4,0.99,0.0,3.96,0.25252525252525254,0.5737919880737188
4,0.99,0.25,3.2175,0.31080031080031084,0.638294618629167
4,0.99,0.5,3.9402,0.2537942236434699,0.567874093890536
4,0.99,0.75,7.53951825,0.13263446905244908,0.4145588141096309
4,0.99,1.0,15.36953616,0.06506377223032606,0.2918737107499472
4,0.9,0.0,3.6,0.2777777777777778,0.582183708890828
4,0.9,0.25,2.9250000000000003,0.34188034188034183,0.6521477859001371
4,0.9,0.5,3.42,0.29239766081871343,0.6057431636243539
4,0.9,0.75,5.820750000000001,0.1717991667740411,0.47511208422397444
4,0.9,1.0,10.4976,0.09525986892242036,0.3525437706204938
4,0.8,0.0,3.2,0.3125,0.6364282704002289
4,0.8,0.25,2.6000000000000005,0.3846153846153845,0.6941630206676485
4,0.8,0.5,2.8800000000000003,0.34722222222222215,0.6673552275791846
4,0.8,0.75,4.256000000000001,0.23496240601503754,0.549050269778434
4,0.8,1.0,6.553600000000001,0.15258789062499997,0.45816651305623857
4,0.6,0.0,2.4,0.4166666666666667,0.7240218724957225
4,0.6,0.25,1.9499999999999997,0.5128205128205129,0.8055878546494782
4,0.6,0.5,1.92,0.5208333333333334,0.8211481695398434
4,0.6,0.75,2.058,0.4859086491739553,0.799854966271083
4,0.6,1.0,2.0736,0.4822530864197531,0.7512799014515263
4,0.4,0.0,1.6,0.625,0.9113424723837523
4,0.4,0.25,1.3000000000000003,0.769230769230769,0.9840265318287132
4,0.4,0.5,1.12,0.8928571428571428,1.1514709944855466
4,0.4,0.75,0.8320000000000002,1.2019230769230766,1.290113053411189
4,0.4,1.0,0.4096000000000001,2.4414062499999996,1.7233451494653131
5,0.99,0.0,4.95,0.20202020202020202,0.51261603395852
5,0.99,0.25,4.098248306341541,0.24400668901701772,0.5621446206120932
5,0.99,0.5,5.522459959713119,0.18107872348466028,0.4918699995381971
5,0.99,0.75,11.394273756409884,0.08776338197398907,0.3459912750676565
5,0.99,1.0,23.7747512475,0.04206142851253401,0.2349559556436486
5,0.9,0.0,4.5,0.2222222222222222,0.549600279097778
5,0.9,0.25,3.7174231921026433,0.26900354044285757,0.5925310745052419
5,0.9,0.5,4.651354598190363,0.21499113406426937,0.5209622334812373
5,0.9,0.75,8.22949493946657,0.1215141399752558,0.39613000976856705
5,0.9,1.0,14.762250000000002,0.06774035123372114,0.3015553291836686
5,0.8,0.0,4.0,0.25,0.580941497956339
5,0.8,0.25,3.2955442528134924,0.30344001575650936,0.625787806465082
5,0.8,0.5,3.788854381999832,0.2639320225002103,0.6057629339761057
5,0.8,0.75,5.567843858063238,0.17960273770102592,0.4703654871504857
5,0.8,1.0,8.192000000000002,0.12207031249999997,0.41183926612933175
5,0.6,0.0,3.0,0.3333333333333333,0.6688496960902242
5,0.6,0.25,2.4562761883109516,0.4071203412543139,0.7275929605573299
5,0.6,0.5,2.3714212528966687,0.42168804837120755,0.7108862134374476
5,0.6,0.75,2.303069846540263,0.4342030709586287,0.7503764850869941
5,0.6,1.0,1.9439999999999995,0.5144032921810701,0.8257352536145759
5,0.4,0.0,2.0,0.5,0.7844558104489584
5,0.4,0.25,1.6242610513698517,0.6156645812301113,0.892659448628821
5,0.4,0.5,1.316227766016838,0.7597469266479578,1.003757036596534
5,0.4,0.75,0.8395070260143926,1.1911752600184382,1.2771637313070774
5,0.4,1.0,0.25600000000000006,3.906249999999999,2.2184575440094845
6,0.99,0.0,5.9399999999999995,0.16835016835016836,0.48990982598013466
6,0.99,0.25,5.009083629038749,0.19963731373993882,0.5255252933000116
6,0.99,0.5,7.3363455,0.1363076479972215,0.42347490292732537
6,0.99,0.75,16.000923361662064,0.06249639332664906,0.28325023566147756
6,0.99,1.0,33.893285378436,0.0295043690463903,0.19938238198983485
6,0.9,0.0,5.4,0.18518518518518517,0.46772924582379516
6,0.9,0.25,4.530270919638073,0.22073735053352853,0.5332894171296205
6,0.9,0.5,5.980500000000001,0.16721009949000917,0.4835324409098428
6,0.9,0.75,10.803172511236182,0.09256540140962465,0.35449025385266675
6,0.9,1.0,19.131876000000002,0.05226878953219224,0.27070712420173204
6,0.8,0.0,4.800000000000001,0.20833333333333331,0.5230311654284628
6,0.8,0.25,4.002492235949963,0.24984433224332217,0.5464011936571709
6,0.8,0.5,4.704000000000001,0.2125850340136054,0.5170373390582619
6,0.8,0.75,6.764052669772278,0.14784036269688988,0.4290161220076188
6,0.8,1.0,9.437184000000004,0.10596381293402773,0.3699361964057571
6,0.6,0.0,3.5999999999999996,0.2777777777777778,0.6046727726571901
6,0.6,0.25,2.9614263758690003,0.3376751176893804,0.640539172951936
6,0.6,0.5,2.772,0.36075036075036077,0.6962632481875982
6,0.6,0.75,2.4246386240680113,0.4124325951395674,0.7521080719531876
6,0.6,1.0,1.6796159999999996,0.5953741807651274,0.8862093041913832
6,0.4,0.0,2.4000000000000004,0.41666666666666663,0.7689983145728325
6,0.4,0.25,1.9423024947075773,0.5148528628907284,0.83885922140035
6,0.4,0.5,1.4880000000000002,0.6720430107526881,0.9162754394937039
6,0.4,0.75,0.8458987108546934,1.1821746352936313,1.2314362243780281
6,0.4,1.0,0.14745600000000006,6.781684027777775,3.051560736281885
7,0.99,0.0,6.93,0.14430014430014432,0.42642505359475985
7,0.99,0.25,5.949776848642178,0.16807353039269263,0.49115185013043666
7,0.99,0.5,9.378291305827336,0.10662923206262911,0.36384666329861143
7,0.99,0.75,21.341915185890038,0.04685615097285826,0.24623843533818335
7,0.99,1.0,45.671202047442506,0.021895635655948275,0.16675322362439707
7,0.9,0.0,6.3,0.15873015873015872,0.4502378832619579
7,0.9,0.25,5.361708279897323,0.18650772250129766,0.5113960465380029
7,0.9,0.5,7.3859895112078,0.13539147306973012,0.41262003948820175
7,0.9,0.75,13.464211277435767,0.07427096763372003,0.3083025667120482
7,0.9,1.0,23.436548100000003,0.04266839961811611,0.23840772514476377
7,0.8,0.0,5.6000000000000005,0.17857142857142855,0.4816546517141781
7,0.8,0.25,4.718111919085876,0.21194919008910407,0.5190654311957483
7,0.8,0.5,5.604923670975737,0.17841456167875241,0.5001248688445141
7,0.8,0.75,7.806226681401355,0.12810286465066917,0.3989549827741642
7,0.8,1.0,10.276044800000003,0.09731370575573976,0.3558573914669262
7,0.6,0.0,4.2,0.23809523809523808,0.5512451480190205
7,0.6,0.25,3.463170462882605,0.28875275147953294,0.6132031889584688
7,0.6,0.5,3.1247913934064826,0.32002136274122694,0.6554857129778586
7,0.6,0.75,2.4647312107498562,0.40572375423272444,0.7210684984882954
7,0.6,1.0,1.3716863999999998,0.729029609100156,0.9533006409087148
7,0.4,0.0,2.8000000000000003,0.3571428571428571,0.6894359772951514
7,0.4,0.25,2.25403559513616,0.4436487170645559,0.7747443381095753
7,0.4,0.5,1.6479225685572012,0.6068246282199569,0.9347390838175947
7,0.4,0.75,0.8683429078654094,1.1516187797954551,1.2515261693419613
7,0.4,1.0,0.08028160000000002,12.45615433673469,3.919538479441538
8,0.99,0.0,7.92,0.12626262626262627,0.4105511012499278
8,0.99,0.25,6.9201,0.14450658227482263,0.429924890627829
8,0.99,0.5,11.644768079999999,0.08587547584717549,0.34508455985266095
8,0.99,0.75,27.399964033827,0.03649639827137861,0.21456542523512054
8,0.99,1.0,59.055660443386884,0.016933177827358988,0.14898904130803817
8,0.9,0.0,7.2,0.1388888888888889,0.4281397206135127
8,0.9,0.25,6.210000000000001,0.16103059581320447,0.4457276429087564
8,0.9,0.5,8.8488,0.11300967362806255,0.3721471078549707
8,0.9,0.75,16.148907,0.06192369551697833,0.28086806125266495
8,0.9,1.0,27.549901440000006,0.036297770508466824,0.22397011785256754
8,0.8,0.0,6.4,0.15625,0.45146467931783124
8,0.8,0.25,5.440000000000001,0.18382352941176466,0.46363977067343926
8,0.8,0.5,6.476800000000001,0.154397233201581,0.4451324051977377
8,0.8,0.75,8.677888000000003,0.11523541211870902,0.39240765775888875
8,0.8,1.0,10.737418240000006,0.09313225746154781,0.36170131737036576
8,0.6,0.0,4.8,0.20833333333333334,0.4879482061835818
8,0.6,0.25,3.9599999999999995,0.25252525252525254,0.5846702351976344
8,0.6,0.5,3.4368,0.2909683426443203,0.6128654001234715
8,0.6,0.75,2.4597119999999997,0.4065516613327089,0.7443416395723798
8,0.6,1.0,1.0749542399999996,0.9302721574455117,1.1494449514066727
8,0.4,0.0,3.2,0.3125,0.6423739162657206
8,0.4,0.25,2.5600000000000005,0.39062499999999994,0.7104736548253415
8,0.4,0.5,1.8048000000000002,0.5540780141843971,0.8973861942493403
8,0.4,0.75,0.9105920000000001,1.098186674163621,1.2291603021347373
8,0.4,1.0,0.04194304000000002,23.84185791015624,5.728517189628965
9,0.99,0.0,8.91,0.1122334455667789,0.38142638593948264
9,0.99,0.25,7.919826267421126,0.12626539601172623,0.3959534552592932
9,0.99,0.5,14.132282241108044,0.07075997938190023,0.30870169009806736
9,0.99,0.75,34.158048037789236,0.029275677547314603,0.19535693563509385
9,0.99,1.0,73.99489704617491,0.013514445453934095,0.1377040328644957
9,0.9,0.0,8.1,0.1234567901234568,0.3984155872231734
9,0.9,0.25,7.073506028171307,0.1413726087201098,0.4249176645560199
9,0.9,0.5,10.352115007490788,0.09659861770047959,0.35516095986839097
9,0.9,0.75,18.80553286722246,0.05317583963509873,0.27178091634579016
9,0.9,1.0,31.38105960900001,0.03186635545324934,0.197793561546394
9,0.8,0.0,7.2,0.1388888888888889,0.4328986919145124
9,0.8,0.25,6.166050703292573,0.16217836150228476,0.45197853819950684
9,0.8,0.5,7.309368446514852,0.1368107254843345,0.42570997113074127
9,0.8,0.75,9.377504819263946,0.10663817500213148,0.36357051246111616
9,0.8,1.0,10.871635968000005,0.0919824765052324,0.3448137921997436
9,0.6,0.0,5.3999999999999995,0.1851851851851852,0.5025950172890841
9,0.6,0.25,4.451000910076489,0.22466856785765413,0.5283964655964886
9,0.6,0.5,3.716425749378674,0.2690757376673498,0.5937149707657287
9,0.6,0.75,2.4369004014027373,0.4103573537204789,0.7260026139863568
9,0.6,1.0,0.8162933759999997,1.2250497546607562,1.2356217080412764
9,0.4,0.0,3.6,0.2777777777777778,0.5967223974522671
9,0.4,0.25,2.861042322575328,0.3495229665459348,0.6691360300081081
9,0.4,0.5,1.963932473903129,0.5091824761228145,0.7809746889233876
9,0.4,0.75,0.9704001769143444,1.0305026975363674,1.1718861214237022
9,0.4,1.0,0.02123366400000001,47.09502797067899,7.921118509594487
10,0.99,0.0,9.9,0.10101010101010101,0.3700908727968725
10,0.99,0.25,8.94872997985656,0.1117477007632349,0.3713991650054878
10,0.99,0.5,16.83737562375,0.059391678510126465,0.2678475218708252
10,0.99,0.75,41.599405338603724,0.024038805167053978,0.1814993883267162
10,0.99,1.0,90.43820750088044,0.011057273553218807,0.121393248423501
10,0.9,0.0,9.0,0.1111111111111111,0.3896341282694682
10,0.9,0.25,7.950677299095181,0.1257754481009818,0.39643234624458656
10,0.9,0.5,11.881125,0.08416711380445875,0.3194802939840474
10,0.9,0.75,21.392674335253275,0.04674497373860764,0.2406962817536973
10,0.9,1.0,34.86784401000001,0.0286797199079244,0.1899412213175714
10,0.8,0.0,8.0,0.125,0.3997128121323887
10,0.8,0.25,6.894427190999916,0.14504468207386603,0.4273896529460537
10,0.8,0.5,8.096,0.12351778656126482,0.39158898307851797
10,0.8,0.75,9.913319352565019,0.10087438570626249,0.3660598086431988
10,0.8,1.0,10.737418240000006,0.09313225746154781,0.34957543901878624
10,0.6,0.0,6.0,0.16666666666666666,0.47583929869270214
10,0.6,0.25,4.935710626448334,0.20260507061362823,0.5160551662113778
10,0.6,0.5,3.9719999999999995,0.2517623363544814,0.551598061398355
10,0.6,0.75,2.4147831744408066,0.4141158554459329,0.7366942895681959
10,0.6,1.0,0.6046617599999997,1.653817168792021,1.443785617356318
10,0.4,0.0,4.0,0.25,0.585726183175587
10,0.4,0.25,3.158113883008419,0.3166446927010118,0.6514403031838782
10,0.4,0.5,2.128,0.4699248120300752,0.7610156086584812
10,0.4,0.75,1.0437153263741676,0.9581156611678462,1.1330242690923924
10,0.4,1.0,0.010485760000000005,95.36743164062496,11.159859918416347
11,0.99,0.0,10.89,0.09182736455463728,0.3447387886634335
11,0.99,0.25,10.00658660609891,0.09993417729383469,0.36038263864465864
11,0.99,0.5,19.756625181016453,0.05061593216643447,0.26403295630706936
11,0.99,0.75,49.70753080408008,0.020117676010531552,0.1689738600445743
11,0.99,1.0,108.33592876530469,0.009230548086834298,0.11326782194304717
11,0.9,0.0,9.9,0.10101010101010101,0.3603053519362938
11,0.9,0.25,8.840051666955482,0.11312151078687083,0.37745963639398755
11,0.9,0.5,13.422843510070951,0.07449986280848134,0.3077012006837221
11,0.9,0.75,23.877764032067997,0.041879968269097276,0.23482354137989675
11,0.9,1.0,37.97108212689001,0.02633583095309863,0.1899259445258525
11,0.8,0.0,8.8,0.11363636363636363,0.37322089113949725
11,0.8,0.25,7.623535383010466,0.13117273676312483,0.4237155149009539
11,0.8,0.5,8.832924266946144,0.11321278998645096,0.3879368879245875
11,0.8,0.75,10.29956235441177,0.09709150404547574,0.3605222267423652
11,0.8,1.0,10.393820856320007,0.09621100977432623,0.3547776996038358
11,0.6,0.0,6.6,0.15151515151515152,0.44915594032256184
11,0.6,0.25,5.414003583781164,0.18470619469032482,0.4955016960997871
11,0.6,0.5,4.211018634628293,0.23747223338712917,0.5362410010751825
11,0.6,0.75,2.404600304574658,0.41586953062325543,0.697840496221529
11,0.6,1.0,0.43898443775999985,2.277985080980745,1.658558049838829
11,0.4,0.0,4.4,0.22727272727272727,0.5376821355540647
11,0.4,0.25,3.4521494449916355,0.2896745972138593,0.6133166955264373
11,0.4,0.5,2.297954712801376,0.4351695855576398,0.7307799789653551
11,0.4,0.75,1.1266050505818312,0.8876225075358516,1.0786480639282081
11,0.4,1.0,0.005075107840000003,197.04014801782012,16.432666499976854
12,0.99,0.0,11.879999999999999,0.08417508417508418,0.324385879508196
12,0.99,0.25,11.09317275,0.09014553568545121,0.3460607727590087
12,0.99,0.5,22.886642689218,0.04369360825784659,0.2386143971937379
12,0.99,0.75,58.46617278463118,0.017103907308652615,0.14790130926503647
12,0.99,1.0,127.63942152712261,0.007834570135430347,0.10003288578098608
12,0.9,0.0,10.8,0.09259259259259259,0.3311765586084186
12,0.9,0.25,9.740250000000001,0.10266676933343599,0.3637788444733657
12,0.9,0.5,14.965938000000001,0.06681839788458298,0.28794117390584056
12,0.9,0.75,26.235794706750006,0.03811586464894535,0.22031642861558765
12,0.9,1.0,40.669853253264016,0.024588237232445475,0.1813867027697005
12,0.8,0.0,9.600000000000001,0.10416666666666666,0.36003588889233323
12,0.8,0.25,8.352000000000002,0.1197318007662835,0.394629671416064
12,0.8,0.5,9.518592000000002,0.1050575547307837,0.36350127265617344
12,0.8,0.75,10.553726976000004,0.09475325657694934,0.3468004454928839
12,0.8,1.0,9.895604649984005,0.10105496686365864,0.3591121318636873
12,0.6,0.0,7.199999999999999,0.1388888888888889,0.41427079819526536
12,0.6,0.25,5.885999999999999,0.16989466530750938,0.4441763356727306
12,0.6,0.5,4.439807999999999,0.22523496511560864,0.5210294880088469
12,0.6,0.75,2.4122200319999996,0.41455588077961875,0.7400127396912917
12,0.6,1.0,0.3134566563839999,3.190233736095719,2.0766963776666443
12,0.4,0.0,4.800000000000001,0.20833333333333331,0.5350687754550169
12,0.4,0.25,3.7440000000000007,0.26709401709401703,0.5948440731641491
12,0.4,0.5,2.4737280000000004,0.4042481630963468,0.7167661736004756
12,0.4,0.75,1.2159252480000002,0.8224189781771847,1.0431881483783976
12,0.4,1.0,0.002415919104000001,413.9211442735458,23.607911342644577
13,0.99,0.0,12.87,0.07770007770007771,0.31963133970447855
13,0.99,0.25,12.208266145706526,0.08191171359347255,0.319580082535805
13,0.99,0.5,26.224074454841837,0.038132899665229814,0.21875373813029672
13,0.99,0.75,67.85932990565047,0.014736367149371639,0.1327812145763465
13,0.99,1.0,148.30105288682557,0.006743040460833004,0.09523800946434866
13,0.9,0.0,11.700000000000001,0.08547008547008546,0.3463169737520878
13,0.9,0.25,10.649972430677234,0.09389695668314606,0.3494583111799923
13,0.9,0.5,16.500574362659435,0.06060395099112342,0.2816196212270646
13,0.9,0.75,28.448190491045363,0.035151620638745724,0.22041372349432742
13,0.9,1.0,42.957532498760116,0.02327880448042175,0.1746442563781883
13,0.8,0.0,10.4,0.09615384615384615,0.3295717360909136
13,0.8,0.25,9.078642655372295,0.11014862441008723,0.3789029199718327
13,0.8,0.5,10.153151742901809,0.09849158422153122,0.3687140145079461
13,0.8,0.75,10.694646135818157,0.09350473005841987,0.3516652006555137
13,0.8,1.0,9.290873254707206,0.10763250908555357,0.37486193254814565
13,0.6,0.0,7.8,0.12820512820512822,0.4029073090292247
13,0.6,0.25,6.351993731873531,0.15743088583071513,0.43296891376754915
13,0.6,0.5,4.66344867397776,0.21443358122070522,0.5108086328824368
13,0.6,0.75,2.4398297808988336,0.4098646585220383,0.7476878490509876
13,0.6,1.0,0.22072572887039987,4.530509447709898,2.435974397306296
13,0.4,0.0,5.2,0.1923076923076923,0.4845046816326581
13,0.4,0.25,4.034400753161632,0.2478682860685894,0.5364187486585328
13,0.4,0.5,2.65472511227581,0.37668683487260657,0.7051634837089743
13,0.4,0.75,1.3094005964630315,0.7637082209227732,1.008917211923788
13,0.4,1.0,0.0011341398016000007,881.7255144288548,33.03766148995741
14,0.99,0.0,13.86,0.07215007215007216,0.30330120668089633
14,0.99,0.25,13.351645652913668,0.07489713448033086,0.30359304509216867
14,0.99,0.5,29.765601023721253,0.033595827586450036,0.20556163635225216
14,0.99,0.75,77.87124789625804,0.01284171022059675,0.1293670053107952
14,0.99,1.0,170.27417930271974,0.005872881044530909,0.08571593940086246
14,0.9,0.0,12.6,0.07936507936507936,0.32108243927359975
14,0.9,0.25,11.5679947556039,0.08644540571870234,0.35133194377769367
14,0.9,0.5,18.018274050000002,0.05549921136869377,0.2706778708552029
14,0.9,0.75,30.50181879718329,0.03278493019217417,0.2086412420075435
14,0.9,1.0,44.83851321172358,0.02230225599314782,0.168946524515455
14,0.8,0.0,11.200000000000001,0.08928571428571427,0.3350183460045986
14,0.8,0.25,9.802461835487868,0.10201518932516507,0.36755368629432106
14,0.8,0.5,10.738022400000002,0.09312701750370718,0.3293293164921149
14,0.8,0.75,10.74117423668605,0.0930996907753847,0.3601922638655509
14,0.8,1.0,8.620171161763846,0.11600697726695505,0.3906597119531697
14,0.6,0.0,8.4,0.11904761904761904,0.39893799357964
14,0.6,0.25,6.812395696703242,0.14679123828404964,0.43655869979723844
14,0.6,0.5,4.8858432,0.2046729620795035,0.5345180395701588
14,0.6,0.75,2.48728260473126,0.40204518702371,0.768891600823009
14,0.6,1.0,0.1535937616281599,6.510681094072898,2.8853435283042903
14,0.4,0.0,5.6000000000000005,0.17857142857142855,0.4786985284336343
14,0.4,0.25,4.3239612842786,0.23126941576370696,0.5729775405575838
14,0.4,0.5,2.8401408000000004,0.3520952200679628,0.6421764139348431
14,0.4,0.75,1.4054836505403758,0.711498849250593,0.907216702386597
14,0.4,1.0,0.0005261334937600004,1900.6583155417916,49.18012997042156
15,0.99,0.0,14.85,0.06734006734006734,0.301584378187447
15,0.99,0.25,14.523091252136627,0.06885586426738734,0.3032276745904599
15,0.99,0.5,33.507936892402476,0.029843675640523783,0.18863788304111245
15,0.99,0.75,88.48641645403157,0.01130116960403179,0.1187867969496415
15,0.99,1.0,193.5131297942899,0.005167608012247174,0.08111535562850691
15,0.9,0.0,13.5,0.07407407407407407,0.30463171387766197
15,0.9,0.25,12.49316497982219,0.08004376806158471,0.3263407839474519
15,0.9,0.5,19.51178289016885,0.05125108277541655,0.2607662947337743
15,0.9,0.75,32.388127027768206,0.030875511854780685,0.20610008694340953
15,0.9,1.0,46.32550472129604,0.021586381109417154,0.16895311610550667
15,0.8,0.0,12.0,0.08333333333333333,0.3121259414386926
15,0.8,0.25,10.522614619354412,0.09503341480934635,0.35831097524722394
15,0.8,0.5,11.275546235043347,0.08868749940398392,0.3535024865959433
15,0.8,0.75,10.711318869654844,0.09335918500503229,0.3561431434309755
15,0.8,1.0,7.916483719987207,0.12631870857957325,0.3974209509001206
15,0.6,0.0,9.0,0.1111111111111111,0.387794809629749
15,0.6,0.25,7.267689948846755,0.1375953029144675,0.4153468538682338
15,0.6,0.5,5.109855449627204,0.1957002521613319,0.5049962827941032
15,0.6,0.75,2.553087395060565,0.39168263567267264,0.7252204233552743
15,0.6,1.0,0.10579162152959994,9.452544403246577,3.5462379890706326
15,0.4,0.0,6.0,0.16666666666666666,0.4616941187716811
15,0.4,0.25,4.6131690086714645,0.21677072704691294,0.5300698857099765
15,0.4,0.5,3.0291435509161118,0.33012631563716,0.6468736806992208
15,0.4,0.75,1.503166220895689,0.6652624214799956,0.9062566463080084
15,0.4,1.0,0.00024159191040000022,4139.211442735456,73.04207204556401
16,0.99,0.0,15.84,0.06313131313131314,0.2959607976845432
16,0.99,0.25,15.722384039999998,0.06360358565570315,0.28092345183471334
16,0.99,0.5,37.447830221693444,0.02670381685881235,0.18702441951724538
16,0.99,0.75,99.68956614534194,0.010031140054738073,0.11230348617910713
16,0.99,1.0,217.97318940028813,0.004587720181327392,0.07609858499941206
16,0.9,0.0,14.4,0.06944444444444445,0.2896732666851319
16,0.9,0.25,13.4244,0.0744912249337028,0.31397856052005946
16,0.9,0.5,20.974950720000002,0.04767591654203419,0.23783304563004454
16,0.9,0.75,34.10238993994801,0.029323458026282966,0.19137874066134045
16,0.9,1.0,47.437316834607145,0.02108045030216519,0.17021166084663603
16,0.8,0.0,12.8,0.078125,0.3088762255065682
16,0.8,0.25,11.238400000000002,0.08898063781321183,0.32645001990865397
16,0.8,0.5,11.768709120000004,0.08497108644656515,0.34869695754502317
16,0.8,0.75,10.621703487488004,0.09414685706280213,0.34335052092705654
16,0.8,1.0,7.2057594037928,0.13877787807814446,0.4270094126273211
16,0.6,0.0,9.6,0.10416666666666667,0.3727473629827825
16,0.6,0.25,7.718399999999999,0.12956053067993367,0.3858053000482171
16,0.6,0.5,5.33747712,0.18735443309965888,0.48480423700630443
16,0.6,0.75,2.635092492288,0.37949332060512203,0.7392623356705006
16,0.6,1.0,0.07222041363087356,13.846500590693228,4.328958209852164
16,0.4,0.0,6.4,0.15625,0.44393126059079463
16,0.4,0.25,4.902400000000001,0.20398172323759786,0.49036822481618075
16,0.4,0.5,3.22097152,0.31046533438457724,0.6236434443744618
16,0.4,0.75,1.6018119393280001,0.6242930118372852,0.920114177228421
16,0.4,1.0,0.00010995116277760009,9094.947017729275,105.67468635486502
17,0.99,0.0,16.83,0.05941770647653001,0.2833217275574815
17,0.99,0.25,16.949306224544934,0.05899946503720973,0.2859395994556621
17,0.99,0.5,41.58206255237899,0.024048831121360238,0.18322827710480127
17,0.99,0.75,111.46566534091698,0.008971372457532163,0.10872228776057812
17,0.99,1.0,243.61058288795482,0.004104911979377906,0.07265281146516776
17,0.9,0.0,15.3,0.06535947712418301,0.2981935730988555
17,0.9,0.25,14.360682421415081,0.0696345738074933,0.31411331888326277
17,0.9,0.5,22.402621021035188,0.04463763409919933,0.23003332701586646
17,0.9,0.75,35.64305500499366,0.028055956479036324,0.20028520951658577
17,0.9,1.0,48.19705511203641,0.020748155622277154,0.1624149821853733
17,0.8,0.0,13.600000000000001,0.07352941176470587,0.29967066553019034
17,0.8,0.25,11.949243680012275,0.08368730496916042,0.3167966359684727
17,0.8,0.5,12.220916842408986,0.08182692124455043,0.3136215203028938
17,0.8,0.75,10.48726981908131,0.0953537018929871,0.34216994685124685
17,0.8,1.0,6.507701461550373,0.15366408645330873,0.44663763249272465
17,0.6,0.0,10.2,0.09803921568627452,0.34822414301068105
17,0.6,0.25,8.165063391164914,0.12247302342833734,0.39697720377366297
17,0.6,0.5,5.569995266512699,0.17953336621524402,0.4920191381093323
17,0.6,0.75,2.7309297884191053,0.36617565352307546,0.6924043750058461
17,0.6,1.0,0.048918045795287,20.44235381324952,5.068206925716904
17,0.4,0.0,6.800000000000001,0.14705882352941174,0.43417428011828285
17,0.4,0.25,5.191933296245471,0.19260648065782096,0.49039813682313654
17,0.4,0.5,3.4149733088262337,0.29282805737176076,0.6030357677022714
17,0.4,0.75,1.7010288368768063,0.5878795105179179,0.8789090092382739
17,0.4,1.0,4.964982194176005e-05,20141.05913960808,162.37640544219943
18,0.99,0.0,17.82,0.05611672278338945,0.27331718113084963
18,0.99,0.25,18.20364112055402,0.05493406474987491,0.26467492728571496
18,0.99,0.5,45.90744852308745,0.021782957497563538,0.16488827409058013
18,0.99,0.75,123.79991718626107,0.008077549829823125,0.10703373303749714
18,0.99,1.0,270.38245870982837,0.0036984647775290392,0.06696825165644052
18,0.9,0.0,16.2,0.0617283950617284,0.2846236878330103
18,0.9,0.25,15.301057503745394,0.06535495992713052,0.2981398367091513
18,0.9,0.5,23.790529804500004,0.04203353217509469,0.23391508181503404
18,0.9,0.75,37.01117445214033,0.027018866999022527,0.1871878279841494
18,0.9,1.0,48.63066183622773,0.020563158349924893,0.15507858192505464
18,0.8,0.0,14.4,0.06944444444444445,0.2909662234580417
18,0.8,0.25,12.654684223257426,0.07902212195561141,0.3303272762347522
18,0.8,0.5,12.635817984000003,0.07914010800616482,0.31363002811549423
18,0.8,0.75,10.321150570282528,0.09688842277713484,0.3476461623085707
18,0.8,1.0,5.836665117072169,0.1713307136767215,0.46277003172194714
18,0.6,0.0,10.799999999999999,0.0925925925925926,0.3367382309630805
18,0.6,0.25,8.608212874689336,0.11616813089512372,0.3969694423008998
18,0.6,0.5,5.808146687999999,0.17217196013077005,0.45403270853315425
18,0.6,0.75,2.838283601068941,0.3523256096125788,0.6691822095420579
18,0.6,1.0,0.03290542596056676,30.390124753236172,6.476124382384712
18,0.4,0.0,7.2,0.1388888888888889,0.42734586688527704
18,0.4,0.25,5.481966236951565,0.18241630042509788,0.47963951641497093
18,0.4,0.5,3.6106168320000003,0.2769609865929966,0.618467590648592
18,0.4,0.75,1.8005801478449246,0.5553765552712987,0.8486576984793095
18,0.4,1.0,2.2265110462464023e-05,44913.31860607048,240.7622309939054
19,0.99,0.0,18.81,0.053163211057947905,0.2658562931986935
19,0.99,0.25,19.485173144893817,0.05132107333939985,0.2620996339555497
19,0.99,0.5,50.42083559029318,0.01983307075919456,0.1601050163384485
19,0.99,0.75,136.67775660656162,0.007316479468408191,0.09693018938341
19,0.99,1.0,298.24687320464676,0.0033529270206760367,0.0653518578818335
19,0.9,0.0,17.1,0.05847953216374269,0.2776138781949953
19,0.9,0.25,16.244630230863244,0.06155880348080165,0.28753249389059266
19,0.9,0.5,25.135213044063438,0.039784822919421606,0.2288563180592668
19,0.9,0.75,38.2099138967588,0.02617121835715066,0.1847152192401759
19,0.9,1.0,48.76574700799504,0.020506196692445872,0.15728785202170967
19,0.8,0.0,15.200000000000001,0.06578947368421052,0.30335841661049373
19,0.8,0.25,13.354360453642464,0.07488190868228702,0.31035282985681606
19,0.8,0.5,13.017165342864066,0.0768216407843505,0.3167865486316787
19,0.8,0.75,10.134659952515753,0.09867129283916107,0.3538785834174763
19,0.8,1.0,5.202558289538403,0.19221312753205597,0.4962925745901312
19,0.6,0.0,11.4,0.08771929824561403,0.34975233538563283
19,0.6,0.25,9.048362857423143,0.11051723010639597,0.3848666670245184
19,0.6,0.5,6.052252507704673,0.1652277393791773,0.44485221964653443
19,0.6,0.75,2.9550379676321894,0.33840512743099516,0.6310179292701155
19,0.6,1.0,0.02199788661437889,45.45891237326186,7.881066519197318
19,0.4,0.0,7.6000000000000005,0.13157894736842105,0.41569099398364234
19,0.4,0.25,5.772629354898487,0.1732312848306169,0.4758343076661487
19,0.4,0.5,3.8074814733373987,0.26264080521538635,0.5790959185608979
19,0.4,0.75,1.9003251216336623,0.5262257434876854,0.8315128855528394
19,0.4,1.0,9.923092440678411e-06,100775.03620752656,359.9730675957733
20,0.99,0.0,19.8,0.050505050505050504,0.24688540646821192
20,0.99,0.25,20.793687811875003,0.04809151743775402,0.26250760835776216
20,0.99,0.5,55.11910375044022,0.018142530120367085,0.15587476919285018
20,0.99,0.75,150.08484734571744,0.006662897805376182,0.09470519516430516
20,0.99,1.0,327.1627750388923,0.0030565824607678015,0.06164412323373402
20,0.9,0.0,18.0,0.05555555555555555,0.26812952925340666
20,0.9,0.25,17.1905625,0.058171453086540946,0.2862796506284336
20,0.9,0.5,26.433922005000007,0.03783017895758521,0.21512027686794932
20,0.9,0.75,39.24412854097203,0.025481518820222253,0.19160419874658402
20,0.9,1.0,48.63066183622774,0.02056315834992489,0.1650741680727443
20,0.8,0.0,16.0,0.0625,0.2844436361940611
20,0.8,0.25,14.048,0.07118451025056947,0.2982021589375306
20,0.8,0.5,13.368709120000002,0.07480153775684813,0.31184004952562266
20,0.8,0.75,9.937362789990406,0.10063032025028498,0.3622421444500766
20,0.8,1.0,4.611686018427394,0.2168404344971006,0.5358682099485568
20,0.6,0.0,12.0,0.08333333333333333,0.3227832104456986
20,0.6,0.25,9.486,0.10541851149061775,0.367957608930284
20,0.6,0.5,6.3023308799999995,0.1586714533147457,0.46079379850752833
20,0.6,0.75,3.0793437161472,0.32474452096928486,0.6662129070103927
20,0.6,1.0,0.014624633760251894,68.37778069478138,9.353432921273065
20,0.4,0.0,8.0,0.125,0.41629872056024675
20,0.4,0.25,6.064,0.16490765171503957,0.4606431370950613
20,0.4,0.5,4.00524288,0.24967274893451655,0.5557360833885769
20,0.4,0.75,2.0001811939328,0.4999547056203334,0.7788486417505962
20,0.4,1.0,4.398046511104005e-06,227373.67544323177,553.3389862346103
25,0.99,0.0,24.75,0.04040404040404041,0.22856643851950106
25,0.99,0.25,27.733570027414558,0.036057384570810855,0.22895462475709802
25,0.99,0.5,81.27670404678996,0.012303648526696073,0.1289456167287519
25,0.99,0.75,224.57295313504255,0.004452895978968,0.07649404400737937
25,0.99,1.0,486.1383496244667,0.0020570275946600026,0.050405263342244086
25,0.9,0.0,22.5,0.044444444444444446,0.24246614171089692
25,0.9,0.25,21.92993676761725,0.04559976668408118,0.24340758131461424
25,0.9,0.5,32.18251438559946,0.031072774116352595,0.19969869310833796
25,0.9,0.75,42.19381265118693,0.023700157372999797,0.17530891087885328
25,0.9,1.0,44.868624230740814,0.0222872891055766,0.1696064390329277
25,0.8,0.0,20.0,0.05,0.2482353207354043
25,0.8,0.25,17.42109851904813,0.05740166149147287,0.2739566377300032
25,0.8,0.5,14.801919417497235,0.06755880584094437,0.3034675753963984
25,0.8,0.75,9.017917948644575,0.11089034139529996,0.3694255868570205
25,0.8,1.0,2.361183241434826,0.42351647362714956,0.7231503567780989
25,0.6,0.0,15.0,0.06666666666666667,0.2913195840550653
25,0.6,0.25,11.65100091007649,0.08582953582426893,0.32894845742385137
25,0.6,0.5,7.631728777119476,0.13103191022695654,0.4100835378555202
25,0.6,0.75,3.7682557530460246,0.2653747690006608,0.5806919438926548
25,0.6,1.0,0.0017768930018706047,562.7800880228922,26.710184908331495
25,0.4,0.0,10.0,0.1,0.3608806012595196
25,0.4,0.25,7.5318108291506825,0.1327701959971775,0.4189099089416507
25,0.4,0.5,5.000828972114947,0.19996684661204894,0.5351608235243712
25,0.4,0.75,2.500009113572334,0.39999854183374217,0.720925624983742
25,0.4,1.0,7.03687441776641e-08,14210854.715201983,4400.585027761376
30,0.99,0.0,29.7,0.03367003367003367,0.208544629840999
30,0.99,0.25,35.31646844620124,0.02831540196391192,0.18917077583963743
30,0.99,0.5,111.60656489714495,0.00896004639979365,0.10835741985527875
30,0.99,0.75,310.2684451365452,0.0032230154747444994,0.06427565271925681
30,0.99,1.0,665.7303360494521,0.0015021097069635677,0.043878516882694056
30,0.9,0.0,27.0,0.037037037037037035,0.22070560387308746
30,0.9,0.25,26.630891445084423,0.03755037648897712,0.21630778904006284
30,0.9,0.5,36.66275236064802,0.02727563905085725,0.1907025616331787
30,0.9,0.75,42.221762011840326,0.023684468680382598,0.17205414841735933
30,0.9,1.0,38.15204244769461,0.026210916528806347,0.1864243916073254
30,0.8,0.0,24.0,0.041666666666666664,0.23682484565918488
30,0.8,0.25,20.63777311752167,0.04845484027300359,0.2619626118597039
30,0.8,0.5,15.958241859993603,0.0626635445667071,0.2869760704749584
30,0.8,0.75,8.505826553025628,0.11756646973294883,0.39666893098624595
30,0.8,1.0,1.1141460353568442,0.8975484077181274,1.052836141440563
30,0.6,0.0,18.0,0.05555555555555555,0.2773708239066111
30,0.6,0.25,13.804927724813602,0.07243790188068532,0.3031320952633242
30,0.6,0.5,9.0528958107648,0.11046189207335179,0.35889726292585045
30,0.6,0.75,4.503871055814884,0.2220312232760115,0.5499851058013141
30,0.6,1.0,0.00019896652774865982,5025.971007863335,80.07960227756128
30,0.4,0.0,12.0,0.08333333333333333,0.3296164893191611
30,0.4,0.25,9.014571775458055,0.11093150344894638,0.3711539898163156
30,0.4,0.5,6.0001207959552,0.1666633112910193,0.4357697227442726
30,0.4,0.75,3.0000004224507686,0.33333328639436566,0.6325538849204881
30,0.4,1.0,1.037629354146164e-09,963735264.4315578,35731.09717758598
35,0.99,0.0,34.65,0.02886002886002886,0.18532845903834252
35,0.99,0.25,43.516779566301146,0.0229796416455042,0.173914362573155
35,0.99,0.5,145.75367654051755,0.0068608903990288956,0.0984795528049679
35,0.99,0.75,405.6197488884078,0.002465363194816028,0.05853054893339229
35,0.99,1.0,861.7234263744722,0.0011604651439120074,0.037052236833109875
35,0.9,0.0,31.5,0.031746031746031744,0.2034876603331186
35,0.9,0.25,31.238389911980562,0.03201189314870801,0.2116518246277303
35,0.9,0.5,39.97646322232315,0.025014719147080342,0.19173591554251007
35,0.9,0.75,40.39763698869998,0.024753923113862323,0.17396461378158412
35,0.9,1.0,30.663654936167237,0.032611898421166935,0.20910412425515504
35,0.8,0.0,28.0,0.03571428571428571,0.2146367470433225
35,0.8,0.25,23.71639861833696,0.04216491787361103,0.23845420658065175
35,0.8,0.5,17.08404619126197,0.058534142837396046,0.285399414346901
35,0.8,0.75,8.477175300874757,0.1179638222058249,0.3899832523507399
35,0.8,1.0,0.49691903528946685,2.0124002684209445,1.6071465044026745
35,0.6,0.0,21.0,0.047619047619047616,0.24464590763268448
35,0.6,0.25,15.969169216743762,0.0626206652598743,0.300031546694072
35,0.6,0.5,10.520076730229269,0.09505634090353318,0.3389374313608295
35,0.6,0.75,5.25077587221849,0.19044804507671603,0.5077385800496612
35,0.6,1.0,2.105861729691815e-05,47486.49856257877,260.71908249195934
35,0.4,0.0,14.0,0.07142857142857142,0.30437213280315273
35,0.4,0.25,10.506309297976777,0.09518090241190331,0.3434730352003487
35,0.4,0.5,7.000016637801936,0.14285680331097161,0.4247129059299004
35,0.4,0.75,3.5000000185094984,0.28571428420330625,0.6113059313158165
35,0.4,1.0,1.4462247353788315e-11,69145546714.63663,303856.1783392794
40,0.99,0.0,39.6,0.025252525252525252,0.18508903695140913
40,0.99,0.25,52.30955187522011,0.01911696744000815,0.16001845233957193
40,0.99,0.5,183.38138751944615,0.005453116117871875,0.08645590505961481
40,0.99,0.75,509.1977520370891,0.0019638735559994415,0.0495724122034221
40,0.99,1.0,1070.3548137114885,0.0009342696339473347,0.03617178430756408
40,0.9,0.0,36.0,0.027777777777777776,0.18319374974955352
40,0.9,0.25,35.7169610025,0.027997902731142364,0.19843443459472088
40,0.9,0.5,42.31533091811387,0.023632096885526924,0.16603643723550787
40,0.9,0.75,37.61403183577096,0.02658582319401877,0.18733523258347567
40,0.9,1.0,23.649412706295372,0.04228434813240856,0.23536297185317162
40,0.8,0.0,32.0,0.03125,0.20411513351563804
40,0.8,0.25,26.684354560000003,0.03747514288762321,0.2210638533921799
40,0.8,0.5,18.305843009213696,0.05462736676462701,0.2645637418500205
40,0.8,0.75,8.835609526517633,0.11317838310970818,0.4044636514071923
40,0.8,1.0,0.212676479325587,4.70197740328914,2.4467552765140024
40,0.6,0.0,24.0,0.041666666666666664,0.2304870526207319
40,0.6,0.25,18.15116544,0.05509288113237538,0.2677733663989255
40,0.6,0.5,12.007312316880126,0.08328258427942942,0.32322680735670944
40,0.6,0.75,6.000149224895812,0.16666252163376225,0.46946515981476256
40,0.6,1.0,2.1387991262149945e-06,467552.08927436173,750.4020541450271
40,0.4,0.0,16.0,0.0625,0.2840353083596731
40,0.4,0.25,12.00262144,0.08331513286484189,0.32411849422559047
40,0.4,0.5,8.000002199023255,0.12499996564027109,0.4076077315631829
40,0.4,0.75,4.000000000778222,0.24999999995136113,0.5520571029976913
40,0.4,1.0,1.934281311383411e-13,5169878828456.412,2611978.3230233183
45,0.99,0.0,44.55,0.022446689113355782,0.1703223066595108
45,0.99,0.25,61.67047215134385,0.01621521556614528,0.14550948591557303
45,0.99,0.5,224.17063009103015,0.004460887671118758,0.07561512004249984
45,0.99,0.75,619.6880165429709,0.0016137152459049645,0.04550039774312194
45,0.99,1.0,1288.2756092793386,0.0007762314156979189,0.03222249783219592
45,0.9,0.0,40.5,0.024691358024691357,0.17987318757033888
45,0.9,0.25,40.0460423425894,0.02497125662119398,0.17120958179242024
45,0.9,0.5,43.89784134122688,0.02278016343051577,0.172733751163323
45,0.9,0.75,34.51958932499641,0.028969058426076857,0.19720583186175017
45,0.9,1.0,17.674126225377638,0.05657988334179351,0.27523314486147954
45,0.8,0.0,36.0,0.027777777777777776,0.18918196599899845
45,0.8,0.25,29.57043962321828,0.03381755607092207,0.20479620937861226
45,0.8,0.5,19.670551035350417,0.05083741671511266,0.24804607543809995
45,0.8,0.75,9.458032061213125,0.10573024002540081,0.3547377040051299
45,0.8,1.0,0.08820118950590747,11.337715575060615,3.8101201270588807
45,0.6,0.0,27.0,0.037037037037037035,0.20940808308959877
45,0.6,0.25,20.351029131686854,0.04913756417570968,0.25578393475974764
45,0.6,0.5,13.502580703876589,0.0740599165397249,0.3191856485366977
45,0.6,0.75,6.750027810802324,0.14814753776268333,0.44710522885200926
45,0.6,1.0,2.104899160064486e-07,4750821.412125813,2429.3549786496137
45,0.4,0.0,18.0,0.05555555555555555,0.2824684709015525
45,0.4,0.25,13.50105540696523,0.07406828354204793,0.30180406175998453
45,0.4,0.5,9.000000281633845,0.11111110763415016,0.3945479656134798
45,0.4,0.75,4.500000000031705,0.22222222222065652,0.5452839984189822
45,0.4,1.0,2.5068285795529013e-15,398910403430278.4,22765122.807466418
50,0.99,0.0,49.5,0.020202020202020204,0.1595681147191601
50,0.99,0.25,71.57585202339499,0.013971192402615677,0.1385508429715931
50,0.99,0.5,267.8191748122333,0.0037338625985278875,0.06943417568955272
50,0.99,0.75,735.8834309389899,0.0013589108790287565,0.04136865083422777
50,0.99,1.0,1512.5151678438408,0.000661150394561362,0.028860729165110444
50,0.9,0.0,45.0,0.022222222222222223,0.16774423240950426
50,0.9,0.25,44.21625719279973,0.0226161159602365,0.1744740702831951
50,0.9,0.5,44.9343121153704,0.022254708104409507,0.16431394902100824
50,0.9,0.75,31.53700343891603,0.03170878304709255,0.2012990829309587
50,0.9,1.0,12.8844380183003,0.07761300869930522,0.31485319764184316
50,0.8,0.0,40.0,0.025,0.18158245686218868
50,0.8,0.25,32.400959708748616,0.03086328334064713,0.2048643425298388
50,0.8,0.5,21.18059162071741,0.047213034362169004,0.2537650843817613
50,0.8,0.75,10.244905371754802,0.09760949112882969,0.3610097357176043
50,0.8,1.0,0.035681192317649095,28.025969286496263,6.118446132912255
50,0.6,0.0,30.0,0.03333333333333333,0.19877616002463025
50,0.6,0.25,22.56586438855974,0.04431472168675143,0.2507526823805869
50,0.6,0.5,15.000888446500936,0.06666271824941523,0.30079504669918916
50,0.6,0.75,7.500005055867551,0.13333324345130412,0.4029417397954046
50,0.6,1.0,2.0207031936619066e-08,49487723.04297722,8328.550760521903
50,0.4,0.0,20.0,0.05,0.24871738993680265
50,0.4,0.25,15.000414486057474,0.06666482455731314,0.2989458712458
50,0.4,0.5,10.000000035184373,0.09999999964815627,0.3631447667173422
50,0.4,0.75,5.00000000000126,0.19999999999994958,0.5084911768610476
50,0.4,1.0,3.169126500570582e-17,3.155443620883939e+16,207867507.31228077
55,0.99,0.0,54.45,0.018365472910927456,0.15694488120086178
55,0.99,0.25,82.00261478337963,0.012194733090421905,0.1210752960948205
55,0.99,0.5,314.04091327800177,0.003184298471055456,0.0639316518924934
55,0.99,0.75,856.6772795789686,0.0011673007138597981,0.038063487253791405
55,0.99,1.0,1740.4481186802086,0.0005745646705966194,0.02884574209756753
55,0.9,0.0,49.5,0.020202020202020204,0.1600937382213309
55,0.9,0.25,48.2264551776362,0.020735507022372333,0.1614551783900445
55,0.9,0.5,45.60952436868283,0.021925245085139208,0.16734460039252277
55,0.9,0.75,28.910323027451355,0.034589720739213646,0.20613554889599275
55,0.9,1.0,9.205839484565635,0.10862670391728904,0.3702205590832801
55,0.8,0.0,44.0,0.022727272727272728,0.17311526137840905
55,0.8,0.25,35.1980254981644,0.028410684572410198,0.19628206264310366
55,0.8,0.5,22.81773019450492,0.04382556860282382,0.2287154010590116
55,0.8,0.75,11.12834268850195,0.08986064034793088,0.35203804744527256
55,0.8,1.0,0.014147335849363184,70.68468654789255,9.683856755932245
55,0.6,0.0,33.0,0.030303030303030304,0.2071806147292846
55,0.6,0.25,24.792084783542315,0.040335454187532795,0.23116133560744007
55,0.6,0.5,16.500299774562304,0.06060495952574453,0.27576303237654143
55,0.6,0.75,8.250000900841215,0.12121210797662271,0.38447278361736376
55,0.6,1.0,1.9012715521037127e-09,525963794.5424068,25855.915241649287
55,0.4,0.0,22.0,0.045454545454545456,0.24100149753846847
55,0.4,0.25,16.50015954025643,0.06060547460527518,0.27647593872688087
55,0.4,0.5,11.000000004308093,0.09090909087348684,0.33648176789431794
55,0.4,0.75,5.500000000000049,0.1818181818181802,0.4748997283737903
55,0.4,1.0,3.9266744992669757e-19,2.546684223976628e+18,1765616943.9886565
60,0.99,0.0,59.4,0.016835016835016835,0.1446411064250634
60,0.99,0.25,92.92828244857247,0.010760986576432324,0.12179125257288283
60,0.99,0.5,362.56516802472606,0.002758124850900742,0.060857860757159925
60,0.99,0.75,981.0567069595039,0.001019309070419798,0.03694292579284088
60,0.99,1.0,1969.7639126067404,0.0005076750536446892,0.026388372112793542
60,0.9,0.0,54.0,0.018518518518518517,0.15845553219124708
60,0.9,0.25,52.081376180324014,0.019200721511997854,0.15350778445763283
60,0.9,0.5,46.076021223847306,0.02170326285643856,0.165276577670629
60,0.9,0.75,26.75559466903323,0.03737536064400745,0.21920473139931632
60,0.9,1.0,6.469237079691962,0.1545777326880121,0.4364461166341049
60,0.8,0.0,48.0,0.020833333333333332,0.16675287077447873
60,0.8,0.25,37.9791209299968,0.02633025661239506,0.1770538371652971
60,0.8,0.5,24.557073017678423,0.04072146543197997,0.230550730663984
60,0.8,0.75,12.06615089212943,0.08287647062762037,0.3462130780901583
60,0.8,1.0,0.005516983947117218,181.25845744440286,15.481142421555722
60,0.6,0.0,36.0,0.027777777777777776,0.19138971958704498
60,0.6,0.25,27.0264479053824,0.03700079283451996,0.2137969362538796
60,0.6,0.5,18.000099483263874,0.055555248510141826,0.2763926192624345
60,0.6,0.75,9.000000157867436,0.11111110916213045,0.3843966616823801
60,0.6,1.0,1.7594524073048094e-10,5683586528.673628,85397.35437535282
60,0.4,0.0,24.0,0.041666666666666664,0.22984348134478522
60,0.4,0.25,18.0000603979776,0.055555369142669946,0.2702274186054508
60,0.4,0.5,12.000000000518815,0.08333333332973045,0.33384767642575996
60,0.4,0.75,6.000000000000002,0.16666666666666663,0.47626163796380233
60,0.4,1.0,4.7852207848257125e-21,2.089767734358458e+20,16619232122.459934
65,0.99,0.0,64.35,0.015540015540015542,0.1353182820164504
65,0.99,0.25,104.33096306816299,0.009584882287980661,0.11412297267779169
65,0.99,0.5,413.13602864447114,0.002420510269416762,0.05534786827655381
65,0.99,0.75,1108.096556291544,0.0009024484322437481,0.034198712213585246
65,0.99,1.0,2198.4387081975447,0.0004548682645875899,0.024993926908069775
65,0.9,0.0,58.5,0.017094017094017096,0.14939955438693095
65,0.9,0.25,55.78982087649357,0.017924416753618562,0.1549226060224164
65,0.9,0.5,46.45355828111021,0.021526876239459963,0.1741444270812881
65,0.9,0.75,25.1043136372244,0.03983379169216604,0.22261197703750632
65,0.9,1.0,4.483217685685103,0.22305408082078998,0.532422658749383
65,0.8,0.0,52.0,0.019230769230769232,0.1613521652233973
65,0.8,0.25,40.75735308419027,0.024535450031172384,0.1770797013412308
65,0.8,0.5,26.37424956440395,0.037915770742901124,0.2297452011852967
65,0.8,0.75,13.033623844561568,0.0767246325293684,0.29737376246750186
65,0.8,1.0,0.0021216603865607054,471.32896779066476,24.09736160202602
65,0.6,0.0,39.0,0.02564102564102564,0.175773012644359
65,0.6,0.25,29.266390966324874,0.03416888680092607,0.20556787277594468
65,0.6,0.5,19.500032557598544,0.051281965660633304,0.25416421299850944
65,0.6,0.75,9.750000027282487,0.1025641022771073,0.3567362188954684
65,0.6,1.0,1.6056762669063687e-11,62279054664.40532,286210.3503919693
65,0.4,0.0,26.0,0.038461538461538464,0.2235517555082403
65,0.4,0.25,19.500022548704663,0.05128199198243632,0.2729266636420332
65,0.4,0.5,13.000000000061615,0.07692307692271234,0.31970378717756187
65,0.4,0.75,6.5,0.15384615384615385,0.44254248784026823
65,0.4,1.0,5.75077200096388e-23,1.7388969384343908e+22,145388393548.88867
70,0.99,0.0,69.3,0.01443001443001443,0.13686629345914175
70,0.99,0.25,116.18933827025877,0.008606641666845365,0.10391164914556654
70,0.99,0.5,465.51171318723607,0.002148173658517126,0.05432802609494842
70,0.99,0.75,1236.9535625376764,0.0008084377864181469,0.03171409994548035
70,0.99,1.0,2424.709432041014,0.00041242055100938166,0.02287472240229698
70,0.9,0.0,63.0,0.015873015873015872,0.14560019552120146
70,0.9,0.25,59.363231611161574,0.016845444105033837,0.14077873959255868
70,0.9,0.5,46.83182746808362,0.02135299974534435,0.16997423552165608
70,0.9,0.75,23.936751645499065,0.04177676297978529,0.23338718768649314
70,0.9,1.0,3.0702358662672107,0.32570787508120636,0.6405554419312381
70,0.8,0.0,56.0,0.017857142857142856,0.14691074461996617
70,0.8,0.25,43.54202309563098,0.02296631917638986,0.1769881907847443
70,0.8,0.5,28.248459517644733,0.035400160471595755,0.20636334816032337
70,0.8,0.75,14.016889009783695,0.07134250683600382,0.31754932560976373
70,0.8,1.0,0.0008062972330873941,1240.2374198543362,39.53981095951019
70,0.6,0.0,42.0,0.023809523809523808,0.17070029070117032
70,0.6,0.25,31.510038365114635,0.031735918198916545,0.20459369237242472
70,0.6,0.5,21.00001052930865,0.04761902374307626,0.2513277796405534
70,0.6,0.75,10.500000004659299,0.09523809519583402,0.3336605416880847
70,0.6,1.0,1.4480501631283602e-12,690583810880.9747,968179.3680248234
70,0.4,0.0,28.0,0.03571428571428571,0.21901367077573558
70,0.4,0.25,21.000008318900967,0.04761902875533408,0.2466941682008357
70,0.4,0.5,14.000000000007232,0.07142857142853454,0.2919712791701413
70,0.4,0.75,7.0,0.14285714285714285,0.43077996964184795
70,0.4,1.0,6.82960321705003e-25,1.4642117616609894e+24,1372188097233.249
75,0.99,0.0,74.25,0.013468013468013467,0.13279986039001337
75,0.99,0.25,128.48265104501417,0.0077831519809600435,0.09886752864737848
75,0.99,0.5,519.4639539593265,0.0019250613875670358,0.05128467865475659
75,0.99,0.75,1366.8608811211516,0.0007316033502837258,0.03003902893135303
75,0.99,1.0,2647.0498589192807,0.0003777790571758528,0.022631716438052327
75,0.9,0.0,67.5,0.014814814814814815,0.14164911286591722
75,0.9,0.25,62.81460421706231,0.015919864694910715,0.14169766108271517
75,0.9,0.5,47.274668959277356,0.021152977313525032,0.16565330417931212
75,0.9,0.75,23.205637892366553,0.043092976139602175,0.23472071530778887
75,0.9,1.0,2.081185228322593,0.48049543423195756,0.797826728506482
75,0.8,0.0,60.0,0.016666666666666666,0.1547506240128537
75,0.8,0.25,46.33930598288153,0.021579952025380263,0.16596188883001875
75,0.8,0.5,30.163270247836536,0.03315290390542866,0.21063182532847868
75,0.8,0.75,15.008396882678554,0.06662936806755937,0.2895597336660168
75,0.8,1.0,0.00030329940000544596,3297.0721339443608,64.31887223616498
75,0.6,0.0,45.0,0.022222222222222223,0.16620122596205408
75,0.6,0.25,33.75608525101534,0.02962428825984557,0.20604230549000208
75,0.6,0.5,22.50000337057837,0.04444443778651286,0.23894453948656832
75,0.6,0.75,11.250000000787615,0.08888888888266576,0.34818147231846464
75,0.6,1.0,1.2926064109231523e-13,7736306980605.342,3171981.9194439184
75,0.4,0.0,30.0,0.03333333333333333,0.2176401087934584
75,0.4,0.25,22.500003037857446,0.04444443844373919,0.24253993154506678
75,0.4,0.5,15.00000000000084,0.06666666666666293,0.2887636843171792
75,0.4,0.75,7.5,0.13333333333333333,0.4342259419033327
75,0.4,1.0,8.028268271471058e-27,1.2454435026827023e+26,12254286686490.527
80,0.99,0.0,79.2,0.012626262626262626,0.12468224101172518
80,0.99,0.25,141.19069375972308,0.007082619777347295,0.0955840989181198
80,0.99,0.5,574.7774068557443,0.0017398039450965696,0.048567910759431995
80,0.99,0.75,1497.1229344550552,0.0006679478197720581,0.031033491193960414
80,0.99,1.0,2864.148568088388,0.00034914389956643474,0.021872688889452374
80,0.9,0.0,72.0,0.013888888888888888,0.13333328849525675
80,0.9,0.25,66.15766545905693,0.015115406401679502,0.14167858606093148
80,0.9,0.5,47.82470635314769,0.02090969451261843,0.17372131210129865
80,0.9,0.75,22.851927809768974,0.04375998420459345,0.23947479765255658
80,0.9,1.0,1.3982368033817123,0.7151864387930894,0.9829094974692603
80,0.8,0.0,64.0,0.015625,0.1397765606943868
80,0.8,0.25,49.15292150460685,0.020344670660242956,0.15977836392506936
80,0.8,0.5,32.10633823966279,0.031146498007195444,0.2008735584431355
80,0.8,0.75,16.00413773796034,0.062483841139912975,0.27492038971805255
80,0.8,1.0,0.0001130782121458171,8843.436600416671,105.96086824109814
80,0.6,0.0,48.0,0.020833333333333332,0.16285656522765232
80,0.6,0.25,36.003656158440066,0.027774956954353024,0.2009385565339476
80,0.6,0.5,24.000001069399563,0.04166666481007029,0.23486578022644886
80,0.6,0.75,12.000000000131958,0.08333333333241695,0.33665331194657927
80,0.6,1.0,1.1436154255745059e-14,87441982473928.3,10481991.421131251
80,0.4,0.0,32.0,0.03125,0.19905668433033435
80,0.4,0.25,24.00000109951163,0.0416666647577924,0.22894446218346667
80,0.4,0.5,16.000000000000096,0.062499999999999625,0.2801616322894164
80,0.4,0.75,8.0,0.125,0.4031924146245896
80,0.4,1.0,9.35361047891782e-29,1.0577969149776866e+28,118620640502182.1
85,0.99,0.0,84.15,0.011883541295306001,0.12142616555910506
85,0.99,0.25,154.293796401784,0.006481141972785353,0.09104764060092886
85,0.99,0.5,631.2490833933721,0.0015841607161223162,0.04461994624366511
85,0.99,0.75,1627.1105593370708,0.0006145863870537643,0.02749679287114184
85,0.99,1.0,3074.8886414830295,0.000325215029418983,0.020764781449609453
85,0.9,0.0,76.5,0.013071895424836602,0.14013654169663628
85,0.9,0.25,69.40626251736828,0.014407921759938583,0.13730654686462304
85,0.9,0.5,48.50780681163425,0.020615238365304885,0.1638068333546234
85,0.9,0.75,22.814619818172392,0.04383154345633566,0.23649367427384335
85,0.9,1.0,0.9320756314779012,1.0728743100110856,1.186606082155213
85,0.8,0.0,68.0,0.014705882352941176,0.1362784298126137
85,0.8,0.25,51.98473664818543,0.019236415618831566,0.16153718061287406
85,0.8,0.5,34.06871828489067,0.02935243972601974,0.19317077117615247
85,0.8,0.75,17.002023057899375,0.0588165300443694,0.27524115284123213
85,0.8,1.0,4.182989223698067e-05,23906.3489414378,174.15191106092092
85,0.6,0.0,51.0,0.0196078431372549,0.1613525639856666
85,0.6,0.25,38.25217957565368,0.026142301199392804,0.1851062862467128
85,0.6,0.5,25.500000336647975,0.03921568575678897,0.22708022007179632
85,0.6,0.75,12.750000000021936,0.07843137254888467,0.32465844392577337
85,0.6,1.0,1.0039085061477601e-15,996106710797023.8,35499037.26932405
85,0.4,0.0,34.0,0.029411764705882353,0.19675860302571455
85,0.4,0.25,25.500000394850503,0.03921568566728105,0.22181992796132077
85,0.4,0.5,17.00000000000001,0.05882352941176467,0.27197708401028337
85,0.4,0.75,8.5,0.11764705882352941,0.38852174262804456
85,0.4,1.0,1.0812773713629003e-30,4.804741615699024e+29,832083294696553.8
90,0.99,0.0,89.1,0.011223344556677891,0.11977087053129266
90,0.99,0.25,167.77281504551507,0.005960441205738308,0.08651210488464926
90,0.99,0.5,688.6878046396693,0.001452036747656964,0.04459806911685781
90,0.99,0.75,1756.2564391090523,0.0005693929301732834,0.027827168346718757
90,0.99,1.0,3278.3289786944224,0.0003050334504251751,0.019931373865039535
90,0.9,0.0,81.0,0.012345679012345678,0.12969056094949843
90,0.9,0.25,72.57392067061345,0.013779054387024717,0.1362938462914506
90,0.9,0.5,49.33706311268882,0.02026873787999784,0.16105898538506686
90,0.9,0.75,23.036366218816983,0.04340962417862422,0.24452817538645932
90,0.9,1.0,0.6170365191715192,1.6206496194790496,1.402956299460765
90,0.8,0.0,72.0,0.013888888888888888,0.12857143340160718
90,0.8,0.25,54.83527551767521,0.018236436136400323,0.1527725848047934
90,0.8,0.5,36.044100594752955,0.02774379117523529,0.18804804666072641
90,0.8,0.75,18.00098229725632,0.05555252393934181,0.2740692124269538
90,0.8,1.0,1.5366814479520003e-05,65075.2959458671,278.6774202991839
90,0.6,0.0,54.0,0.018518518518518517,0.14932350959338428
90,0.6,0.25,40.501290351938295,0.024690571369712973,0.1738489143646804
90,0.6,0.5,27.000000105244958,0.037037036892668095,0.2217912558680495
90,0.6,0.75,13.500000000003622,0.0740740740740542,0.3088641534317021
90,0.6,1.0,8.751803405511466e-17,1.1426216445518378e+16,122515359.44023032
90,0.4,0.0,36.0,0.027777777777777776,0.19096261621545854
90,0.4,0.25,27.000000140816923,0.03703703684387254,0.21898343441035714
90,0.4,0.5,18.0,0.05555555555555555,0.2684442232928398
90,0.4,0.75,9.0,0.1111111111111111,0.3791196346187415
90,0.4,1.0,1.241321388101376e-32,9.877389847240054e+29,1117040416454442.8
95,0.99,0.0,94.05,0.01063264221158958,0.11711384437879578
95,0.99,0.25,181.60912053886295,0.005506331383758932,0.08282591836697367
95,0.99,0.5,746.9136762586294,0.001338842803105584,0.0420727785414246
95,0.99,0.75,1884.0508052931464,0.0005307712494750938,0.02542400575363451
95,0.99,1.0,3473.687112013698,0.00028787854742055326,0.019108096083184194
95,0.9,0.0,85.5,0.011695906432748537,0.12439411813723099
95,0.9,0.25,75.67353342792026,0.013214659798494928,0.12530231686340562
95,0.9,0.5,50.316175696390616,0.01987432443264431,0.1561202603574911
95,0.9,0.75,23.46626851163186,0.04261435939439267,0.2453487791082296
95,0.9,1.0,0.40596220928462384,2.4632834710456777,1.8959114389653695
95,0.8,0.0,76.0,0.013157894736842105,0.13566427952182536
95,0.8,0.25,57.704132560861744,0.017329781345301037,0.15671353175152308
95,0.8,0.5,38.02812753059192,0.026296324981963548,0.18018471294769506
95,0.8,0.75,19.000474015533698,0.052630265917705914,0.26005109157294887
95,0.8,1.0,5.610427760747936e-06,178239.5287211912,461.8619274530181
95,0.6,0.0,57.0,0.017543859649122806,0.15105587676254867
95,0.6,0.25,42.750759205653075,0.02339139745307182,0.17843292698910362
95,0.6,0.5,28.50000003269954,0.03508771925798764,0.22236915915178868
95,0.6,0.75,14.250000000000593,0.07017543859648831,0.29301036309999023
95,0.6,1.0,7.582562470535134e-18,1.3188153792147971e+17,398194734.3709161
95,0.4,0.0,38.0,0.02631578947368421,0.18849782309582894
95,0.4,0.25,28.50000004991051,0.03508771923679838,0.21223555656387552
95,0.4,0.5,19.0,0.05263157894736842,0.2556168679376468
95,0.4,0.75,9.5,0.10526315789473684,0.36295685269622
95,0.4,1.0,1.4162710790466274e-34,9.998583929474925e+29,1123438535872342.1
100,0.99,0.0,99.0,0.010101010101010102,0.11257291032275898
100,0.99,0.25,195.78458740611666,0.005107654352411799,0.08002148018533509
100,0.99,0.5,805.7575839219204,0.0012410680581281407,0.03915722611439912
100,0.99,0.75,2010.0373941894604,0.0004975031822247497,0.02465878994768667
100,0.99,1.0,3660.323412732292,0.0002731999026429028,0.01810849145872273
100,0.9,0.0,90.0,0.011111111111111112,0.11745769166408393
100,0.9,0.25,78.7171560576852,0.012703710983501282,0.12690007205888504
100,0.9,0.5,51.44221900915015,0.019439285848499802,0.16166646380908395
100,0.9,0.75,24.060888921241943,0.04156122424542506,0.22983746843564515
100,0.9,1.0,0.26561398887587545,3.7648619495990165,2.198528867981675
100,0.8,0.0,80.0,0.0125,0.1330087753554612
100,0.8,0.25,60.590295810358704,0.016504293082342684,0.14653095886226633
100,0.8,0.5,40.01784059615883,0.02498885459841595,0.17877684042977826
100,0.8,0.75,20.000227474550005,0.049999431320093,0.26202543448954807
100,0.8,1.0,2.0370359763344973e-06,490909.34652976994,779.3625081152511
100,0.6,0.0,60.0,0.016666666666666666,0.15037597121385401
100,0.6,0.25,45.00044422325047,0.02222200285488133,0.1771415852368568
100,0.6,0.5,30.000000010103516,0.0333333333221072,0.2166778426497756
100,0.6,0.75,15.000000000000098,0.06666666666666624,0.29191686165131775
100,0.6,1.0,6.533186235000685e-19,1.530646707484169e+18,1382333749.53598
100,0.4,0.0,40.0,0.025,0.17468827657556937
100,0.4,0.25,30.000000017592185,0.03333333331378646,0.20581105776427597
100,0.4,0.5,20.0,0.05,0.26513607094651304
100,0.4,0.75,10.0,0.1,0.34581089951875793
100,0.4,1.0,1.606938044258999e-36,9.99998393064538e+29,1158253437304452.8
120,0.99,0.0,118.8,0.008417508417508417,0.10702992525856228
120,0.99,0.25,255.53258401236303,0.003913395248065971,0.07176762780163276
120,0.99,0.5,1044.2819563033702,0.0009575957852799422,0.0351839685861402
120,0.99,0.75,2488.4467340208166,0.0004018571048069839,0.022896900902543735
120,0.99,1.0,4311.0776348975705,0.0002319605640838244,0.01733479972985415
120,0.9,0.0,108.0,0.009259259259259259,0.11099923767161589
120,0.9,0.25,90.53801061192365,0.011045084746630188,0.11953422244774072
120,0.9,0.5,57.23461853984598,0.017471943126585412,0.15400135002374163
120,0.9,0.75,27.46277738937864,0.03641292305660078,0.21799934987783615
120,0.9,1.0,0.04650114265917932,21.504847898669865,5.056509720284152
120,0.8,0.0,96.0,0.010416666666666666,0.11179585856718544
120,0.8,0.25,72.27853650883921,0.013835365909459253,0.13617502493608918
120,0.8,0.5,48.00275849197356,0.020832136139993036,0.15917245548752987
120,0.8,0.75,24.00001152511086,0.04166664665780325,0.23394666837076822
120,0.8,1.0,3.3819013191943424e-08,29569165.55561196,6105.8832374999
120,0.6,0.0,72.0,0.013888888888888888,0.13261270956434684
120,0.6,0.25,54.00004974163194,0.018518501460361412,0.15935235937547831
120,0.6,0.5,36.00000000008797,0.027777777777709897,0.18437068609264085
120,0.6,0.75,18.0,0.05555555555555555,0.270518380355279
120,0.6,1.0,3.439636415078543e-23,2.9072839400798294e+22,194479595398.65048
120,0.4,0.0,48.0,0.020833333333333332,0.16017364611011414
120,0.4,0.25,36.000000000259405,0.02777777777757762,0.19197298625068043
120,0.4,0.5,24.0,0.041666666666666664,0.23137529092211256
120,0.4,0.75,12.0,0.08333333333333333,0.3226509372543991
120,0.4,1.0,2.5442597732808904e-44,9.999999999999745e+29,1153457584620804.0
140,0.99,0.0,138.6,0.007215007215007215,0.09776585624956133
140,0.99,0.25,319.38085659361803,0.003131058043570863,0.06352685184117306
140,0.99,0.5,1281.654716020507,0.0007802413454264538,0.033148301066433156
140,0.99,0.75,2912.94494045938,0.0003432951945333704,0.021139119443374068
140,0.99,1.0,4799.3598610846175,0.0002083611208462305,0.016116472014545857
140,0.9,0.0,126.0,0.007936507936507936,0.101663027997832
140,0.9,0.25,102.16591373404181,0.009788000356001306,0.11356298922413437
140,0.9,0.5,64.5351179331336,0.015495439258918286,0.1416289257925451
140,0.9,0.75,31.62968906304838,0.03161586565099236,0.20313676973460315
140,0.9,1.0,0.007694978183276384,129.95488436514552,13.287445264709216
140,0.8,0.0,112.0,0.008928571428571428,0.11066068246908364
140,0.8,0.25,84.12422975882237,0.011887181646321427,0.1206901826979847
140,0.8,0.5,56.00040314861654,0.01785701430302479,0.14505375775654902
140,0.8,0.75,28.000000551935713,0.0357142850102861,0.22262460175898222
140,0.8,1.0,5.307063086403163e-10,1884281350.568503,48580.60793524918
140,0.6,0.0,84.0,0.011904761904761904,0.1251617532808756
140,0.6,0.25,63.00000526465433,0.015873014546572466,0.14430253717877536
140,0.6,0.5,42.000000000000725,0.0238095238095234,0.17928775386417717
140,0.6,0.75,21.0,0.047619047619047616,0.23926193561523781
140,0.6,1.0,1.7117136938253633e-27,5.8386874794379085e+26,27371182800680.945
140,0.4,0.0,56.0,0.017857142857142856,0.15785309471533338
140,0.4,0.25,42.00000000000362,0.023809523809521758,0.17520505535222503
140,0.4,0.5,28.0,0.03571428571428571,0.21757073859809478
140,0.4,0.75,14.0,0.07142857142857142,0.3019181969378318
140,0.4,1.0,3.807631028762458e-52,9.999999999999999e+29,1192033050872234.0
160,0.99,0.0,158.4,0.006313131313131313,0.09175743371500832
160,0.99,0.25,386.38870342787214,0.002588067381702508,0.05936057192065203
160,0.99,0.5,1511.274284044194,0.0006616932548630313,0.029182431638843948
160,0.99,0.75,3272.908226173178,0.00030553866191636,0.019251638069207738
160,0.99,1.0,5127.091887551726,0.0001950423401671307,0.015308840988595675
160,0.9,0.0,144.0,0.006944444444444444,0.09491398548001659
160,0.9,0.25,113.91235317657384,0.008778679152118952,0.10899876115867925
160,0.9,0.5,72.69911840169085,0.013755324988600437,0.1328904039164053
160,0.9,0.75,36.03487585699438,0.02775089343913751,0.18294375838024218
160,0.9,1.0,0.0012219163489569434,818.3866275736663,33.766651822853575
160,0.8,0.0,128.0,0.0078125,0.09786792267891832
160,0.8,0.25,96.0531691198314,0.010410900641419205,0.11774645944785496
160,0.8,0.5,64.00005653910607,0.015624986196519502,0.1418470416373178
160,0.8,0.75,32.00000002536426,0.031249999975230217,0.21223705710567028
160,0.8,1.0,7.99167628880901e-12,125130193448.94272,388888.59675392223
160,0.6,0.0,96.0,0.010416666666666666,0.11604679188856945
160,0.6,0.25,72.00000053469978,0.013888888785744642,0.13342385747825886
160,0.6,0.5,48.00000000000001,0.02083333333333333,0.17430818357207692
160,0.6,0.75,24.0,0.041666666666666664,0.24539502629192564
160,0.6,1.0,8.174101510074738e-32,9.244356884321941e+29,1102413549891075.9
160,0.4,0.0,64.0,0.015625,0.14123102071381352
160,0.4,0.25,48.00000000000005,0.02083333333333331,0.16652528044798368
160,0.4,0.5,32.0,0.03125,0.1953210275490987
160,0.4,0.75,16.0,0.0625,0.29214148524412414
160,0.4,1.0,5.468126811957578e-60,9.999999999999999e+29,1153754277895923.2
180,0.99,0.0,178.2,0.0056116722783389455,0.0839057065518833
180,0.99,0.25,455.7189023198346,0.002194335137097683,0.0530477039954094
180,0.99,0.5,1728.264489347211,0.0005786151403120674,0.02787091326415584
180,0.99,0.75,3564.042718704725,0.00028058025083476794,0.019141758456555972
180,0.99,1.0,5307.378218542032,0.0001884169469035327,0.015856666256045766
180,0.9,0.0,162.0,0.006172839506172839,0.09135670610864909
180,0.9,0.25,125.9185315563444,0.007941642803803925,0.10312334838177005
180,0.9,0.5,81.30851825958575,0.01229883438297815,0.11955773250271744
180,0.9,0.75,40.50908798443792,0.024685818658375196,0.1786591145700509
180,0.9,1.0,0.0001880168227117553,5318.673007963119,81.54209768215871
180,0.8,0.0,144.0,0.006944444444444444,0.09662108654413695
180,0.8,0.25,108.02205029737648,0.009257369187560097,0.10770427142050226
180,0.8,0.5,72.00000768340723,0.013888887406750306,0.13956220305921122
180,0.8,0.75,36.00000000112948,0.027777777776906265,0.18722440695730896
180,0.8,1.0,1.1661184555456082e-13,8575458138445.429,3296733.139943676
180,0.6,0.0,108.0,0.009259259259259259,0.10752629562436619
180,0.6,0.25,81.00000005262248,0.012345679004325183,0.12721091894669234
180,0.6,0.5,54.0,0.018518518518518517,0.15715980110968694
180,0.6,0.75,27.0,0.037037037037037035,0.2209834966718002
180,0.6,1.0,3.7824228567270174e-36,9.9999621759145e+29,1109592974106808.0
180,0.4,0.0,72.0,0.013888888888888888,0.13559944901609428
180,0.4,0.25,54.0,0.018518518518518517,0.15340654804568604
180,0.4,0.5,36.0,0.027777777777777776,0.18150031616152487
180,0.4,0.75,18.0,0.05555555555555555,0.25835900869884376
180,0.4,1.0,7.609277968187296e-68,9.999999999999999e+29,1170224764514582.0
200,0.99,0.0,198.0,0.005050505050505051,0.0773156050958531
200,0.99,0.25,526.6287919609601,0.0018988707326015924,0.048616255319013604
200,0.99,0.5,1929.161706366146,0.0005183598641316824,0.024962175283055256
200,0.99,0.75,3786.4989096557783,0.0002640962070396866,0.01842104667764155
200,0.99,1.0,5359.186994318469,0.00018659546701022895,0.014842762059720738
200,0.9,0.0,180.0,0.005555555555555556,0.08761198009149644
200,0.9,0.25,138.22110950457508,0.007234784929626833,0.10029971074871431
200,0.9,0.5,90.13280699443794,0.011094739344595244,0.116225236143247
200,0.9,0.75,45.002310043709116,0.022221081518453967,0.17314765773318666
200,0.9,1.0,2.822031643462147e-05,35435.463748846276,215.88878627669465
200,0.8,0.0,160.0,0.00625,0.09050436031584791
200,0.8,0.25,120.00892029807942,0.008332713914233954,0.10501704203319823
200,0.8,0.5,80.00000101851799,0.012499999840856566,0.12866088457811536
200,0.8,0.75,40.00000000004906,0.024999999999969335,0.18549740375183355
200,0.8,1.0,1.6598062275524156e-15,602479966275714.0,28025636.515726034
200,0.6,0.0,120.0,0.008333333333333333,0.10166594551652644
200,0.6,0.25,90.00000000505176,0.011111111110487437,0.12208621596150118
200,0.6,0.5,60.0,0.016666666666666666,0.14896152609286922
200,0.6,0.75,30.0,0.03333333333333333,0.20390474041656578
200,0.6,1.0,1.7073008952480968e-40,9.999999998292697e+29,1122684678823907.9
200,0.4,0.0,80.0,0.0125,0.12978595770568102
200,0.4,0.25,60.0,0.016666666666666666,0.1517084049019234
200,0.4,0.5,40.0,0.025,0.1792262920813929
200,0.4,0.75,20.0,0.05,0.26462843533899716
200,0.4,1.0,1.0328999512347749e-75,9.999999999999999e+29,1181568093381124.5
220,0.99,0.0,217.8,0.004591368227731864,0.07683547471912511
220,0.99,0.25,598.4620296700522,0.0016709497853210943,0.045100876948181635
220,0.99,0.5,2111.650184342134,0.00047356328591496383,0.02496252073444273
220,0.99,0.75,3943.4349315771533,0.0002535860277527277,0.018051928643723597
220,0.99,1.0,5303.812629266051,0.00018854361379247694,0.015827184452103852
220,0.9,0.0,198.0,0.005050505050505051,0.08049698735239098
220,0.9,0.25,150.80145987114142,0.0066312355387971155,0.09592678740746678
220,0.9,0.5,99.05603139214254,0.01009529642916144,0.11389843055711922
220,0.9,0.75,49.50057549719249,0.020201785331904205,0.16964691572668564
220,0.9,1.0,4.1514273129663356e-06,240881.00901505756,555.1981459797256
220,0.8,0.0,176.0,0.005681818181818182,0.08755514964712374
220,0.8,0.25,132.00353683396233,0.007575554594857768,0.09646835870188826
220,0.8,0.5,88.00000013232867,0.011363636346548469,0.1210720161637686
220,0.8,0.75,44.00000000000209,0.02272727272727165,0.1724310811525076
220,0.8,1.0,2.3154878148029128e-17,4.31874438555434e+16,236838066.45706373
220,0.6,0.0,132.0,0.007575757575757576,0.09837153638963406
220,0.6,0.25,99.00000000047532,0.010101010100961604,0.11391946405085436
220,0.6,0.5,66.0,0.015151515151515152,0.13680797225761354
220,0.6,0.75,33.0,0.030303030303030304,0.1926865160132908
220,0.6,1.0,7.553016719244964e-45,9.999999999999924e+29,1151828437270906.5
220,0.4,0.0,88.0,0.011363636363636364,0.12471979782330846
220,0.4,0.25,66.0,0.015151515151515152,0.139596243541372
220,0.4,0.5,44.0,0.022727272727272728,0.17200670050552258
220,0.4,0.75,22.0,0.045454545454545456,0.24448692731606267
220,0.4,1.0,1.3741794631213986e-83,9.999999999999999e+29,1139179099544804.5
240,0.99,0.0,237.6,0.004208754208754209,0.07550089577532103
240,0.99,0.25,670.6409781516851,0.0014911107918815852,0.043333471480346816
240,0.99,0.5,2274.3388174487854,0.0004396882260145122,0.025367230568702707
240,0.99,0.75,4039.9336639065245,0.0002475288168551319,0.017456944054129703
240,0.99,1.0,5162.608437253898,0.00019370053184430958,0.01587959683179978
240,0.9,0.0,216.0,0.004629629629629629,0.0825164124521227
240,0.9,0.25,163.617309269923,0.006111822792234521,0.0869296108883199
240,0.9,0.5,108.02325057132958,0.00925726632656442,0.1160981685210852
240,0.9,0.75,54.000141012617036,0.018518470160408505,0.16096550453626188
240,0.9,1.0,6.006545190581518e-07,1664850.5393217327,1468.61358907198
240,0.8,0.0,192.0,0.005208333333333333,0.07865715856128816
240,0.8,0.25,144.00137924598678,0.0069443779305181155,0.09868225994448178
240,0.8,0.5,96.00000001690951,0.010416666664831868,0.11898289235049148
240,0.8,0.75,48.000000000000085,0.020833333333333297,0.166692977499852
240,0.8,1.0,3.177015703546787e-19,3.1476079859487724e+18,2020131655.8783014
240,0.6,0.0,144.0,0.006944444444444444,0.09550454986321143
240,0.6,0.25,108.00000000004398,0.00925925925925549,0.11003389214678977
240,0.6,0.5,72.0,0.013888888888888888,0.13661276774479472
240,0.6,0.75,36.0,0.027777777777777776,0.19549796951617765
240,0.6,1.0,3.2864162966484367e-49,9.999999999999999e+29,1165955523953829.5
240,0.4,0.0,96.0,0.010416666666666666,0.1161356184224727
240,0.4,0.25,72.0,0.013888888888888888,0.13280218242008837
240,0.4,0.5,48.0,0.020833333333333332,0.16561054557630311
240,0.4,0.75,24.0,0.041666666666666664,0.23396230090277018
240,0.4,1.0,1.7981271649820355e-91,9.999999999999999e+29,1114781144895110.2
260,0.99,0.0,257.4,0.0038850038850038854,0.07046594515353821
260,0.99,0.25,742.6596770493861,0.0013465117750475378,0.038773737733865644
260,0.99,0.5,2416.5734928763495,0.0004138090577207071,0.02380189527926323
260,0.99,0.75,4082.1973505135834,0.00024496610872430983,0.018004715494041014
260,0.99,1.0,4955.611947366843,0.00020179142568484373,0.015783047071254774
260,0.9,0.0,234.0,0.004273504273504274,0.07682894573089381
260,0.9,0.25,176.62080442142127,0.005661847160507644,0.08745931685927792
260,0.9,0.5,117.00951443352295,0.008546313561262864,0.10312323688593876
260,0.9,0.75,58.500034073741695,0.017094007137490878,0.14406240001002862
260,0.9,1.0,8.57036168167623e-08,11668119.002935888,3855.2316312309113
260,0.8,0.0,208.0,0.004807692307692308,0.08422874178790271
260,0.8,0.25,156.00053041509665,0.00641023461483838,0.0927013149804589
260,0.8,0.5,104.00000000213086,0.009615384615187605,0.11276367149468412
260,0.8,0.75,52.00000000000001,0.01923076923076923,0.16083533470932443
260,0.8,1.0,4.298761135699126e-21,2.3262516064520543e+20,16839478628.56291
260,0.6,0.0,156.0,0.00641025641025641,0.09024020597644455
260,0.6,0.25,117.00000000000401,0.008547008547008255,0.10393091244365071
260,0.6,0.5,78.0,0.01282051282051282,0.13163768248697413
260,0.6,0.75,39.0,0.02564102564102564,0.18446354305685972
260,0.6,1.0,1.4101710534814125e-53,9.999999999999999e+29,1163388490935949.8
260,0.4,0.0,104.0,0.009615384615384616,0.11109127007271626
260,0.4,0.25,78.0,0.01282051282051282,0.13261427148921265
260,0.4,0.5,52.0,0.019230769230769232,0.16086272636652288
260,0.4,0.75,26.0,0.038461538461538464,0.2181867224946145
260,0.4,1.0,2.3203016091241797e-99,9.999999999999999e+29,1151338692963778.0
280,0.99,0.0,277.2,0.0036075036075036075,0.06639007343659956
280,0.99,0.25,814.0773580102535,0.0012283844897052212,0.03948694108324112
280,0.99,0.5,2538.2799305423086,0.0003939675793703132,0.02306951482176625
280,0.99,0.75,4076.958601009374,0.0002452808816239684,0.018659241305704677
280,0.99,1.0,4700.78675024289,0.0002127303477334576,0.016707524620085536
280,0.9,0.0,252.0,0.003968253968253968,0.07226173158028505
280,0.9,0.25,189.7675589665668,0.005269604591247231,0.0821781177184995
280,0.9,0.5,126.00384748909164,0.007936265597656228,0.10157616981275533
280,0.9,0.75,63.00000813629779,0.015873013823054487,0.14396871935385455
280,0.9,1.0,1.2084222294101941e-08,82752532.65475589,10689.822941418694
280,0.8,0.0,224.0,0.004464285714285714,0.07461968969115296
280,0.8,0.25,168.00020157430828,0.005952373810442658,0.08735342035849795
280,0.8,0.5,112.00000000026536,0.008928571428550275,0.10690284296808497
280,0.8,0.75,56.0,0.017857142857142856,0.14591832105442287
280,0.8,1.0,5.747942572053687e-23,1.7397529117017256e+22,147192539040.75497
280,0.6,0.0,168.0,0.005952380952380952,0.08719057739817315
280,0.6,0.25,126.00000000000036,0.007936507936507914,0.1006296574583981
280,0.6,0.5,84.0,0.011904761904761904,0.12521523625388783
280,0.6,0.75,42.0,0.023809523809523808,0.17100855616147012
280,0.6,1.0,5.979517897202592e-58,9.999999999999999e+29,1070959035965950.5
280,0.4,0.0,112.0,0.008928571428571428,0.10761164874440993
280,0.4,0.25,84.0,0.011904761904761904,0.1248499715151108
280,0.4,0.5,56.0,0.017857142857142856,0.152393490629308
280,0.4,0.75,28.0,0.03571428571428571,0.21957784667124156
280,0.4,1.0,2.958786541060134e-107,9.999999999999999e+29,1178663082067921.5
300,0.99,0.0,297.0,0.003367003367003367,0.06618775771624184
300,0.99,0.25,884.5124647298202,0.0011305663174633227,0.03815067796681237
300,0.99,0.5,2639.8326064371854,0.0003788118979822878,0.023188370554346232
300,0.99,0.75,4031.058974634333,0.0002480737707616179,0.01812051771055357
300,0.99,1.0,4413.680466415715,0.0002265682818702291,0.016469943161047915
300,0.9,0.0,270.0,0.003703703703703704,0.0689019718661116
300,0.9,0.25,203.02029630708066,0.004925615902399426,0.08016545358303066
300,0.9,0.5,135.00154002913942,0.0074073229074583516,0.09372170793604503
300,0.9,0.75,67.50000192305154,0.0148148143927459,0.13889903855981506
300,0.9,1.0,1.686534933496327e-09,592931685.0418965,26911.617675702604
300,0.8,0.0,240.0,0.004166666666666667,0.07277058452586663
300,0.8,0.25,180.00007582485,0.005555553215283393,0.08276124027094467
300,0.8,0.5,120.00000000003271,0.00833333333333106,0.1048788395628492
300,0.8,0.75,60.0,0.016666666666666666,0.14491436606252964
300,0.8,1.0,7.607441248353706e-25,1.3145007011598076e+24,1300912938444.8242
300,0.6,0.0,180.0,0.005555555555555556,0.08907955722631482
300,0.6,0.25,135.00000000000003,0.007407407407407406,0.10066109692355525
300,0.6,0.5,90.0,0.011111111111111112,0.11573962916917055
300,0.6,0.75,45.0,0.022222222222222223,0.1665288614403379
300,0.6,1.0,2.5096758092638227e-62,9.999999999999999e+29,1104073621969654.5
300,0.4,0.0,120.0,0.008333333333333333,0.10444528012693885
300,0.4,0.25,90.0,0.011111111111111112,0.11998905351706374
300,0.4,0.5,60.0,0.016666666666666666,0.1524686000021794
300,0.4,0.75,30.0,0.03333333333333333,0.20795266682108907
300,0.4,1.0,3.7345640119929556e-115,9.999999999999999e+29,1119458319383684.2
320,0.99,0.0,316.8,0.0031565656565656565,0.062318354851214425
320,0.99,0.25,953.637142022097,0.0010486168752609562,0.034834973735906244
320,0.99,0.5,2721.9459437758633,0.0003673842246157201,0.022753917583582674
320,0.99,0.75,3951.1563279404236,0.00025309046694218227,0.01831955417834352
320,0.99,1.0,4107.3548786560505,0.00024346569253037265,0.01768767125160615
320,0.9,0.0,288.0,0.003472222222222222,0.06849956301154331
320,0.9,0.25,216.34955920084542,0.004622149468174614,0.07852748295868062
320,0.9,0.5,144.0006109581745,0.006944414980922919,0.0966516796938029
320,0.9,0.75,72.00000045049089,0.01388888880198864,0.13142790958150785
320,0.9,1.0,2.3329368185129166e-10,4286442702.0249515,72918.18608646023
320,0.8,0.0,256.0,0.00390625,0.0700325308832429
320,0.8,0.25,192.00002826955304,0.005208332566472741,0.08093460896583164
320,0.8,0.5,128.000000000004,0.007812499999999755,0.09876313657375549
320,0.8,0.75,64.0,0.015625,0.14078138535953025
320,0.8,1.0,9.979201547673776e-27,1.0019837727957346e+26,11382628910431.238
320,0.6,0.0,192.0,0.005208333333333333,0.08330401592798783
320,0.6,0.25,144.0,0.006944444444444444,0.09726162868719232
320,0.6,0.5,96.0,0.010416666666666666,0.11615036933625053
320,0.6,0.75,48.0,0.020833333333333332,0.16778844519230773
320,0.6,1.0,1.0439989921407204e-66,9.999999999999999e+29,1098629757725735.2
320,0.4,0.0,128.0,0.0078125,0.10082047593195986
320,0.4,0.25,96.0,0.010416666666666666,0.11574898010632788
320,0.4,0.5,64.0,0.015625,0.1376835175635352
320,0.4,0.75,32.0,0.03125,0.2075277154438476
320,0.4,1.0,4.671939192445211e-123,9.999999999999999e+29,1141961502658255.8
340,0.99,0.0,336.6,0.0029708853238265003,0.06112488708241833
340,0.99,0.25,1021.1721603707574,0.0009792668061347556,0.03657054770713438
340,0.99,0.5,2785.5844726702703,0.0003589910877990344,0.020723150308266765
340,0.99,0.75,3843.530173125956,0.00026017748136648465,0.01853952514297312
340,0.99,1.0,3792.4860959894218,0.00026367927915609403,0.018959637508924203
340,0.9,0.0,306.0,0.0032679738562091504,0.06509472069247771
340,0.9,0.25,229.73301890786948,0.004352878853696834,0.07408440443739026
340,0.9,0.5,153.00024048857657,0.006535937439096136,0.09416542832256537
340,0.9,0.75,76.5000001047084,0.01307189540694461,0.13372221677177606
340,0.9,1.0,3.201924177279858e-11,31231220498.467068,198684.32031975922
340,0.8,0.0,272.0,0.003676470588235294,0.06821332665352955
340,0.8,0.25,204.00001045747305,0.004901960533028823,0.07932561105623907
340,0.8,0.5,136.00000000000048,0.007352941176470562,0.09403292619952985
340,0.8,0.75,68.0,0.014705882352941176,0.13525249312719886
340,0.8,1.0,1.2988332899380477e-28,7.640392460122511e+27,102343839321860.89
340,0.6,0.0,204.0,0.004901960784313725,0.07743222086004847
340,0.6,0.25,153.0,0.006535947712418301,0.09023239779226984
340,0.6,0.5,102.0,0.00980392156862745,0.11438246699387554
340,0.6,0.75,51.0,0.0196078431372549,0.16311357708218624
340,0.6,1.0,4.309064199093366e-71,9.999999999999999e+29,1109333876558181.2
340,0.4,0.0,136.0,0.007352941176470588,0.09194033213502441
340,0.4,0.25,102.0,0.00980392156862745,0.11319698847524254
340,0.4,0.5,68.0,0.014705882352941176,0.14575003346029997
340,0.4,0.75,34.0,0.029411764705882353,0.20029571608212207
340,0.4,1.0,5.799023725690874e-131,9.999999999999999e+29,1120334625687275.6
360,0.99,0.0,356.4,0.0028058361391694727,0.059987292869986296
360,0.99,0.25,1086.8822446736056,0.0009200628724046398,0.03312469838135582
360,0.99,0.5,2831.889109271016,0.00035312117156219427,0.021684555803991267
360,0.99,0.75,3713.9607947370673,0.00026925432315200187,0.018094480247154415
360,0.99,1.0,3477.5634018091846,0.0002875576616316341,0.019932291693306833
360,0.9,0.0,324.0,0.0030864197530864196,0.06127666226057912
360,0.9,0.25,243.15425912979288,0.004112615602863908,0.0750148878265935
360,0.9,0.5,162.00009400841137,0.00617283592408334,0.0920779577030928
360,0.9,0.75,81.00000002416942,0.012345679008661877,0.12321762945921833
360,0.9,1.0,4.364237731188103e-12,229135088781.6471,550718.5971794893
360,0.8,0.0,288.0,0.003472222222222222,0.06730696709003196
360,0.8,0.25,216.00000384170363,0.00462962954728859,0.07961452456063604
360,0.8,0.5,144.00000000000006,0.0069444444444444415,0.09390712754323642
360,0.8,0.75,72.0,0.013888888888888888,0.13320905921600876
360,0.8,1.0,1.678805249832191e-30,3.7330074669020574e+29,687682078629587.2
360,0.6,0.0,216.0,0.004629629629629629,0.07614212066204314
360,0.6,0.25,162.0,0.006172839506172839,0.08860363806138874
360,0.6,0.5,108.0,0.009259259259259259,0.10965931734896125
360,0.6,0.75,54.0,0.018518518518518517,0.1602743367425919
360,0.6,1.0,1.7662620576655517e-75,9.999999999999999e+29,1172209661700355.8
360,0.4,0.0,144.0,0.006944444444444444,0.09698538815855896
360,0.4,0.25,108.0,0.009259259259259259,0.10836086756189525
360,0.4,0.5,72.0,0.013888888888888888,0.13505023926742962
360,0.4,0.75,36.0,0.027777777777777776,0.18837849920776575
360,0.4,1.0,7.148285332980319e-139,9.999999999999999e+29,1106154374064501.4
380,0.99,0.0,376.2,0.002658160552897395,0.05755924904419933
380,0.99,0.25,1150.5717780034245,0.0008691330859299277,0.03359684762915875
380,0.99,0.5,2862.1170974338092,0.00034939171457960464,0.02099188352807778
380,0.99,0.75,3567.6630979753836,0.0002802955247000455,0.01834201695770215
380,0.99,1.0,3169.137922379318,0.0003155432248430584,0.019906312901749674
380,0.9,0.0,342.0,0.0029239766081871343,0.06128145032133864
380,0.9,0.25,256.60149055232114,0.0038970934964078067,0.07367925661549528
380,0.9,0.5,171.00003652195355,0.005847951967376432,0.0855941897261974
380,0.9,0.75,85.50000000554455,0.011695906431990076,0.12632520353271284
380,0.9,1.0,5.911814252274035e-13,1691528111891.101,1485846.1204362127
380,0.8,0.0,304.0,0.003289473684210526,0.06502192853590244
380,0.8,0.25,228.00000140260693,0.00438596488529919,0.07606841944423598
380,0.8,0.5,152.0,0.006578947368421052,0.09219321057793013
380,0.8,0.75,76.0,0.013157894736842105,0.13090246376557965
380,0.8,1.0,2.1565634985271736e-32,9.788896236847448e+29,1179545905380208.5
380,0.6,0.0,228.0,0.0043859649122807015,0.0782030390009456
380,0.6,0.25,171.0,0.005847953216374269,0.08689575497357863
380,0.6,0.5,114.0,0.008771929824561403,0.10677745493099652
380,0.6,0.75,57.0,0.017543859649122806,0.15396107389708827
380,0.6,1.0,7.195191199223398e-80,9.999999999999999e+29,1125032157447346.2
380,0.4,0.0,152.0,0.006578947368421052,0.09050771302928115
380,0.4,0.25,114.0,0.008771929824561403,0.10452201594854849
380,0.4,0.5,76.0,0.013157894736842105,0.12923252695803286
380,0.4,0.75,38.0,0.02631578947368421,0.18570801551776725
380,0.4,1.0,8.757172364383871e-147,9.999999999999999e+29,1171377946380137.2
400,0.99,0.0,396.0,0.0025252525252525255,0.05483671025728712
400,0.99,0.25,1212.080853183073,0.0008250274702169227,0.032477254003878776
400,0.99,0.5,2877.5934971592346,0.0003475126007155638,0.020860957593292873
400,0.99,0.75,3409.2603498117865,0.000293318754625239,0.0188506614433593
400,0.99,1.0,2872.088524007222,0.0003481786830876545,0.020844286358448875
400,0.9,0.0,360.0,0.002777777777777778,0.06070232333334272
400,0.9,0.25,270.06640349721897,0.003702793042935078,0.07058810781374492
400,0.9,0.5,180.00001411015822,0.00555555512005688,0.08577500532311454
400,0.9,0.75,90.00000000126491,0.01111111111095495,0.12042556461593665
400,0.9,1.0,7.963862596701665e-14,12556720910957.99,4035622.756816589
400,0.8,0.0,320.0,0.003125,0.06399229099790946
400,0.8,0.25,240.000000509259,0.004166666657825365,0.07398169874499061
400,0.8,0.5,160.0,0.00625,0.0914426472611089
400,0.8,0.75,80.0,0.0125,0.12717180522038143
400,0.8,1.0,2.7549567130217816e-34,9.99724580205659e+29,1142147868157923.0
400,0.6,0.0,240.0,0.004166666666666667,0.07491200827619585
400,0.6,0.25,180.0,0.005555555555555556,0.08926915799458533
400,0.6,0.5,120.0,0.008333333333333333,0.10391670001025685
400,0.6,0.75,60.0,0.016666666666666666,0.14423544641584513
400,0.6,1.0,2.9148763469149534e-84,9.999999999999999e+29,1135528447491977.0
400,0.4,0.0,160.0,0.00625,0.08845898356400353
400,0.4,0.25,120.0,0.008333333333333333,0.1019629948680654
400,0.4,0.5,80.0,0.0125,0.1308367244295609
400,0.4,0.75,40.0,0.025,0.17858468902168492
400,0.4,1.0,1.0668823092608005e-154,9.999999999999999e+29,1122915256885813.9
420,0.99,0.0,415.8,0.002405002405002405,0.055530618142001296
420,0.99,0.25,1271.2816468197934,0.0007866077532870668,0.031533909328881116
420,0.99,0.5,2879.672400672916,0.0003472617231620937,0.0216767339872463
420,0.99,0.75,3242.786319557496,0.00030837677893511586,0.020352857552565985
420,0.99,1.0,2589.8839949197345,0.00038611768015925824,0.02185039578274492
420,0.9,0.0,378.0,0.0026455026455026454,0.0582322678640618
420,0.9,0.25,283.5432296876828,0.0035267990743474286,0.07048967997793612
420,0.9,0.5,189.00000542419852,0.005291005139156284,0.08205356084265662
420,0.9,0.75,94.50000000028713,0.01058201058197843,0.11713606130488056
420,0.9,1.0,1.0674622987688634e-14,93680123518491.48,10938617.511242168
420,0.8,0.0,336.0,0.002976190476190476,0.06465634589968382
420,0.8,0.25,252.00000018397856,0.003968253965356851,0.07039410358209257
420,0.8,0.5,168.0,0.005952380952380952,0.0854824319126418
420,0.8,0.75,84.0,0.011904761904761904,0.11968630489170619
420,0.8,1.0,3.5018143446709495e-36,9.999964981979179e+29,1155437385848169.5
420,0.6,0.0,252.0,0.003968253968253968,0.07073509779004261
420,0.6,0.25,189.0,0.005291005291005291,0.08071542352352931
420,0.6,0.5,126.0,0.007936507936507936,0.10471958598953834
420,0.6,0.75,63.0,0.015873015873015872,0.14441994865617103
420,0.6,1.0,1.174961785765812e-88,9.999999999999999e+29,1137914311834317.2
420,0.4,0.0,168.0,0.005952380952380952,0.08426312172638266
420,0.4,0.25,126.0,0.007936507936507936,0.10536405507916752
420,0.4,0.5,84.0,0.011904761904761904,0.12184511481934172
420,0.4,0.75,42.0,0.023809523809523808,0.16762422314972447
420,0.4,1.0,1.2932870787120898e-162,9.999999999999999e+29,1132992302405596.8
440,0.99,0.0,435.6,0.002295684113865932,0.05444256166313997
440,0.99,0.25,1328.075092171067,0.0007529694713009435,0.03128480634291634
440,0.99,0.5,2869.7063146330256,0.00034846771423990776,0.021587894359165263
440,0.99,0.75,3071.706988289519,0.0003255518849331558,0.020824279647158342
440,0.99,1.0,2324.8287939142197,0.0004301392010533131,0.023361556185903812
440,0.9,0.0,396.0,0.0025252525252525255,0.05585311713161974
440,0.9,0.25,297.0280156960713,0.003366685791091277,0.06477211920137796
440,0.9,0.5,198.00000207571367,0.005050504997558575,0.0765655930423843
440,0.9,0.75,99.00000000006489,0.01010101010100348,0.1141448319811449
440,0.9,1.0,1.424326341722553e-15,702086292099757.5,30037138.229706
440,0.8,0.0,352.0,0.002840909090909091,0.059977024646579634
440,0.8,0.25,264.0000000661643,0.0037878787869294606,0.0697721513842882
440,0.8,0.5,176.0,0.005681818181818182,0.08752985153176009
440,0.8,0.75,88.0,0.011363636363636364,0.1226937304626616
440,0.8,1.0,4.430978364050221e-38,9.999999556902182e+29,1114165325510974.5
440,0.6,0.0,264.0,0.003787878787878788,0.07130806833595037
440,0.6,0.25,198.0,0.005050505050505051,0.08167941481212847
440,0.6,0.5,132.0,0.007575757575757576,0.09552567260313259
440,0.6,0.75,66.0,0.015151515151515152,0.14620266542053253
440,0.6,1.0,4.7147158315036334e-93,9.999999999999999e+29,1131221348743408.0
440,0.4,0.0,176.0,0.005681818181818182,0.08388865078028576
440,0.4,0.25,132.0,0.007575757575757576,0.10089626780741864
440,0.4,0.5,88.0,0.011363636363636364,0.12245799010816641
440,0.4,0.75,44.0,0.022727272727272728,0.17843465659546648
440,0.4,1.0,1.5606356998881116e-170,9.999999999999999e+29,1105535880958482.0
460,0.99,0.0,455.4,0.0021958717610891525,0.05176230832409039
460,0.99,0.25,1382.3878288295225,0.0007233859985925275,0.03030946476759174
460,0.99,0.5,2849.022370474235,0.00035099759495168327,0.021556131147942928
460,0.99,0.75,2898.955107302829,0.0003449518750672873,0.02122093655708661
460,0.99,1.0,2078.2853595307856,0.00048116587811876323,0.024594585674319523
460,0.9,0.0,414.0,0.0024154589371980675,0.0565867998291506
460,0.9,0.25,310.5180810761351,0.0032204243840950847,0.06610446120380434
460,0.9,0.5,207.00000079104802,0.00483091785593484,0.07691646505515257
460,0.9,0.75,103.5000000000146,0.009661835748790908,0.11062858045861838
460,0.9,1.0,1.892648676744003e-16,5283600766943887.0,85142417.03360593
460,0.8,0.0,368.0,0.002717391304347826,0.06081763220704407
460,0.8,0.25,276.0000000236965,0.003623188405486026,0.07036048404645076
460,0.8,0.5,184.0,0.005434782608695652,0.08183581918483458
460,0.8,0.75,92.0,0.010869565217391304,0.11836058777801123
460,0.8,1.0,5.583540616134422e-40,9.999999994416458e+29,1117387896793920.9
460,0.6,0.0,276.0,0.0036231884057971015,0.07205803956209361
460,0.6,0.25,207.0,0.004830917874396135,0.081022841725405
460,0.6,0.5,138.0,0.007246376811594203,0.09982427139080922
460,0.6,0.75,69.0,0.014492753623188406,0.13534665145000116
460,0.6,1.0,1.8840431269092828e-97,9.999999999999999e+29,1164894706004071.0
460,0.4,0.0,184.0,0.005434782608695652,0.08225656138816054
460,0.4,0.25,138.0,0.007246376811594203,0.09733143758740136
460,0.4,0.5,92.0,0.010869565217391304,0.12127218683518708
460,0.4,0.75,46.0,0.021739130434782608,0.1691607495907108
460,0.4,1.0,1.8754767050379926e-178,9.999999999999999e+29,1138552950987400.0
480,0.99,0.0,475.2,0.0021043771043771043,0.053149362889172304
480,0.99,0.25,1434.1694087243927,0.0006972676964916158,0.029404638515406145
480,0.99,0.5,2818.904218626949,0.0003547477751787845,0.021182999086427252
480,0.99,0.75,2726.9725513568887,0.00036670702809326754,0.021965554903171303
480,0.99,1.0,1850.8698525281347,0.0005402865029294647,0.02617466632704391
480,0.9,0.0,432.0,0.0023148148148148147,0.05438790063086109
480,0.9,0.25,324.0116252856648,0.0030863090147409066,0.06082192983033794
480,0.9,0.5,216.00000030032726,0.0046296296231925745,0.0766736472175647
480,0.9,0.75,108.00000000000327,0.00925925925925898,0.10608228695215012
480,0.9,1.0,2.5054573004512474e-17,3.9912873383228456e+16,232448916.8138053
480,0.8,0.0,384.0,0.0026041666666666665,0.05842523039085845
480,0.8,0.25,288.0000000084548,0.003472222222120289,0.0662784732211812
480,0.8,0.5,192.0,0.005208333333333333,0.08463872495309761
480,0.8,0.75,96.0,0.010416666666666666,0.1100981934534147
480,0.8,1.0,7.009325542071449e-42,9.999999999929906e+29,1130823838987322.0
480,0.6,0.0,288.0,0.003472222222222222,0.06720015133608108
480,0.6,0.25,216.0,0.004629629629629629,0.07721992664321654
480,0.6,0.5,144.0,0.006944444444444444,0.09404973409470768
480,0.6,0.75,72.0,0.013888888888888888,0.13269949310134158
480,0.6,1.0,7.500369496441962e-102,9.999999999999999e+29,1121957252884136.8
480,0.4,0.0,192.0,0.005208333333333333,0.08282436076907498
480,0.4,0.25,144.0,0.006944444444444444,0.09708119849620798
480,0.4,0.5,96.0,0.010416666666666666,0.11418479961482464
480,0.4,0.75,48.0,0.020833333333333332,0.17386047159145088
480,0.4,1.0,2.2453203482266198e-186,9.999999999999999e+29,1125246929453628.9
500,0.99,0.0,495.0,0.00202020202020202,0.05077451243583042
500,0.99,0.25,1483.3897393484199,0.0006741316684846767,0.029168021414754698
500,0.99,0.5,2780.578630068165,0.00035963737518024635,0.020922585562038437
500,0.99,0.75,2557.756719987605,0.0003909675975770073,0.022916003030528646
500,0.99,1.0,1642.6207606036508,0.0006087832468600407,0.027477044186535102
500,0.9,0.0,450.0,0.0022222222222222222,0.05213821494811792
500,0.9,0.25,337.5074485839108,0.0029628975721742654,0.06041464531413299
500,0.9,0.5,225.0000001136259,0.004444444442199982,0.07574409934919216
500,0.9,0.75,112.50000000000072,0.008888888888888832,0.11077313462454384
500,0.9,1.0,3.3051770487020575e-18,3.0255565292406874e+17,635849556.7923394
500,0.8,0.0,400.0,0.0025,0.05806566199321063
500,0.8,0.25,300.0000000030061,0.0033333333332999323,0.06683697260246788
500,0.8,0.5,200.0,0.005,0.07822576507022691
500,0.8,0.75,100.0,0.01,0.1130277824622048
500,0.8,1.0,8.768665527608752e-44,9.999999999999122e+29,1161729392052742.8
500,0.6,0.0,300.0,0.0033333333333333335,0.068657658036761
500,0.6,0.25,225.0,0.0044444444444444444,0.07268662237107044
500,0.6,0.5,150.0,0.006666666666666667,0.09324381970642222
500,0.6,0.75,75.0,0.013333333333333334,0.1334041023701663
500,0.6,1.0,2.9755359416240397e-106,9.999999999999999e+29,1094645206352727.6
500,0.4,0.0,200.0,0.005,0.08047053031917742
500,0.4,0.25,150.0,0.006666666666666667,0.09671856288944959
500,0.4,0.5,100.0,0.01,0.11270437528542387
500,0.4,0.75,50.0,0.02,0.15163373804865038
500,0.4,1.0,2.6787715179657424e-194,9.999999999999999e+29,1104063567061112.4
